group_id,Unnamed: 1,AbsTime,RelTime,Cycle,m15.881 (B_m15.881) (Corr),m16.214 (B_m16.214) (Corr),m17.016 (B_m17.016) (Corr),m17.055 (B_m17.055) (Corr),m17.554 (B_m17.554) (Corr),m18.062 (B_m18.062) (Corr),m18.632 (B_m18.632) (Corr),m18.723 (B_m18.723) (Corr),m18.781 (B_m18.781) (Corr),m18.970 (B_m18.970) (Corr),m19.474 (B_m19.474) (Corr),m19.540 (B_m19.540) (Corr),m19.943 (B_m19.943) (Corr),m20.050 (B_m20.050) (Corr),m20.820 (B_m20.820) (Corr),m21.049 (B_m21.049) (Corr),m22.916 (B_m22.916) (Corr),m25.355 (B_m25.355) (Corr),m28.034 (B_m28.034) (Corr),m28.765 (B_m28.765) (Corr),m28.793 (B_m28.793) (Corr),m28.859 (B_m28.859) (Corr),m29.028 (B_m29.028) (Corr),m29.746 (B_m29.746) (Corr),m30.017 (B_m30.017) (Corr),m31.721 (B_m31.721) (Corr),m31.772 (B_m31.772) (Corr),m31.998 (B_m31.998) (Corr),m33.037 (B_m33.037) (Corr),m33.886 (B_m33.886) (Corr),m33.999 (B_m33.999) (Corr),m35.387 (B_m35.387) (Corr),m36.737 (B_m36.737) (Corr),m36.797 (B_m36.797) (Corr),m37.058 (B_m37.058) (Corr),m37.290 (B_m37.290) (Corr),m37.626 (B_m37.626) (Corr),m37.777 (B_m37.777) (Corr),m38.042 (B_m38.042) (Corr),m38.476 (B_m38.476) (Corr),m39.038 (B_m39.038) (Corr),m41.053 (B_m41.053) (Corr),m43.045 (B_m43.045) (Corr),m44.025 (B_m44.025) (Corr),m45.024 (B_m45.024) (Corr),m46.016 (B_m46.016) (Corr),m47.040 (B_m47.040) (Corr),m50.011 (B_m50.011) (Corr),m51.019 (B_m51.019) (Corr),m53.035 (B_m53.035) (Corr),m55.029 (B_m55.029) (Corr),m57.076 (B_m57.076) (Corr),m59.074 (B_m59.074) (Corr),m61.061 (B_m61.061) (Corr),m63.040 (B_m63.040) (Corr),m69.062 (B_m69.062) (Corr),m72.947 (B_m72.947) (Corr),m73.077 (B_m73.077) (Corr),m75.075 (B_m75.075) (Corr),m76.948 (B_m76.948) (Corr),m78.068 (B_m78.068) (Corr),m81.035 (B_m81.035) (Corr),m83.112 (B_m83.112) (Corr),m88.113 (B_m88.113) (Corr),m89.096 (B_m89.096) (Corr),m91.049 (B_m91.049) (Corr),m93.069 (B_m93.069) (Corr),m94.059 (B_m94.059) (Corr),m95.054 (B_m95.054) (Corr),m96.054 (B_m96.054) (Corr),m203.008 (B_m203.008) (Corr),m203.980 (B_m203.980) (Corr),m205.084 (B_m205.084) (Corr),m205.968 (B_m205.968) (Corr),m218.001 (B_m218.001) (Corr),m328.554 (B_m328.554) (Corr),m329.556 (B_m329.556) (Corr),m329.885 (B_m329.885) (Corr),m330.895 (B_m330.895) (Corr),m332.034 (B_m332.034) (Corr),m332.690 (B_m332.690) (Corr),m355.145 (B_m355.145) (Corr),m356.248 (B_m356.248) (Corr),m357.165 (B_m357.165) (Corr),m358.143 (B_m358.143) (Corr),m358.713 (B_m358.713) (Corr),m359.096 (B_m359.096) (Corr),m371.191 (B_m371.191) (Corr),m372.285 (B_m372.285) (Corr),m373.171 (B_m373.171) (Corr),m374.177 (B_m374.177) (Corr),m375.156 (B_m375.156) (Corr),m429.204 (B_m429.204) (Corr),m431.181 (B_m431.181) (Corr),m445.239 (B_m445.239) (Corr),m445.875 (B_m445.875) (Corr),m447.210 (B_m447.210) (Corr),E/N_Act [Td],p-Drift_Act [mbar]
                      Jar_BLK_1,89.0,44841.73072727273,89.0001,90.0,77.12914181818182,98.53363272727273,1411.8431818181818,4125.845909090909,83.37236545454545,47693.01454545455,255.7431909090909,318.1798436363636,511.0569636363636,8650.057545454545,18396.215454545454,64277.60272727273,7790.512363636363,39672.11909090909,315.87054545454544,20824819.09090909,56.15852818181818,34.462416363636365,184.2921,29.501929090909087,23.66999227272727,20.303475454545456,19137.623636363638,17.834730909090908,15823.24181818182,43.162971818181816,27.931525454545454,334567.88181818184,2590.6583636363634,14.359443636363636,784.2088818181818,14.930625272727271,54.881721818181816,45.23935909090909,1167672.8181818181,9.436165636363636,157.51111818181818,252.08268181818184,1572.3126363636363,29.782703636363635,2841.7727272727275,702.3292272727273,1843.9493,117.93696818181819,616.5436545454545,187.3281909090909,435.3098636363636,34.7289,18.823856,24.400649090909095,449.9372272727273,393.6489454545454,1280.7918181818181,2154.2505636363635,81.93400363636364,105.96571,133.64294999999998,314.0342090909091,890.9940818181818,902.3608363636363,198.63639999999998,43.34269454545455,65.21632909090908,356.06667727272725,132.78870818181818,195.22024545454545,339.8319727272727,72.44399454545454,464.34123999999997,27.303046727272726,18.783431363636364,52843.56181818182,911.1389454545454,220.05069090909092,117.79911727272726,6.326934909090909,1162.4920909090908,3402.5331818181817,61126.23090909091,201.8084909090909,211.45130909090906,518.7338118181818,131.06928436363634,93.6278449090909,29.935453727272726,13.223018363636363,13.714641363636362,251.19793263636365,69.60580527272727,98.02760199999999,31.422282727272727,17.71431736363636,4.0021688181818185,2.9703102727272723,1.909794909090909,3.265905181818182,2.910261727272727,112.83815454545456,2.802233818181818
                      Jar_BLK_2,4176.0,44841.77814545455,4185.6433,4177.0,72.56909381818183,79.79920363636364,1194.1937545454546,3013.9229090909093,90.20777363636363,40318.41090909091,280.4836163636364,413.2049272727273,540.0479454545455,5565.479909090908,21292.13,98323.16727272728,8004.194818181818,41702.994545454545,303.1519181818182,21305609.09090909,108.51669636363636,26.21653,147.61442545454545,21.515627272727272,17.648806363636364,42.887688181818184,19234.543636363636,27.681484872727275,16716.752727272727,37.41752636363637,21.930403545454546,279098.4363636364,3479.7374545454545,20.11781818181818,729.5878090909091,20.04131809090909,69.94443181818181,37.72077618181818,1189356.0909090908,6.9198829090909095,176.9814090909091,351.1537727272727,1981.0399090909088,41.431934545454546,3417.3509999999997,1012.0434909090909,5704.443454545454,190.25547272727272,960.9051181818181,218.82111818181818,628.4062818181818,37.351715454545456,26.64676309090909,28.74112909090909,621.5729090909091,752.9992272727272,2194.442090909091,10424.565454545454,140.0708,182.87533636363636,399.42805454545453,851.6708090909091,2871.9159090909093,987.2347636363636,214.56691818181818,66.76709545454545,73.57586363636364,189.36314909090908,611.6229909090908,306.69954545454544,761.6538636363636,98.27610363636363,441.2632545454546,28.57846545454545,19.29441,52863.56636363636,939.9022818181819,251.52724545454547,120.60387272727272,5.820220363636364,1143.400818181818,3447.266727272727,62552.20181818181,201.21125454545455,217.91902727272728,9962.533022272728,938.7659418181819,1108.4365133636363,285.6694701818182,106.56838390909091,107.46549963636363,5326.134156545454,616.8801530909091,1556.9511314545452,331.8377890909091,165.78639627272727,7.670667181818183,4.572134363636364,5.171244727272727,5.759747,4.0930778181818175,113.40873636363636,2.789298181818182
                      Jar_BLK_3,4854.0,44841.78598181818,4863.6437,4855.0,60.63045727272727,62.609517272727274,1219.7627272727275,3129.314090909091,51.29279545454545,44692.12454545454,196.25282454545456,304.3657181818182,482.77760909090915,6736.593545454545,17747.18909090909,64471.91,7429.260818181819,38361.67181818182,333.8441818181818,20285283.636363637,63.610721818181815,43.28086636363636,197.2738818181818,23.59960454545455,23.534006363636365,17.681144545454547,18747.336363636365,25.27146181818182,16809.923636363637,36.55524727272727,29.29063,297145.2,2417.673818181818,19.332414545454544,704.5217272727273,11.418268454545453,49.714530909090904,34.40396763636364,1148568.6363636365,13.092664272727273,153.0454090909091,258.0788181818182,1574.5856363636362,29.815896363636366,2841.462636363636,635.2326363636364,2793.5267272727274,142.27361727272728,641.3643909090908,222.5290272727273,427.94949999999994,32.99522181818182,22.155533272727272,26.578102545454545,443.6516727272727,398.6639363636363,1300.1265454545455,4795.999454545455,89.37625818181819,97.99750545454545,189.3725090909091,402.06676363636365,1474.9651909090908,946.7429090909092,206.67145454545454,55.35011636363636,49.00146090909091,878.8405727272728,361.8163090909091,190.76561818181818,367.83315454545453,115.73306545454544,2058.7403363636363,114.82822363636365,18.986687272727274,52920.34454545455,936.6261,241.276,115.75018,5.914083818181819,1105.4972727272727,3302.658,62176.34181818182,204.32351818181817,212.3856363636364,3256.648224545454,508.20296718181817,423.4455948181818,106.86859209090909,38.22499581818182,37.6023109090909,1431.2344362727272,275.0662952727273,479.0615867272727,117.31587118181818,58.855001090909084,3.588490272727273,2.4493200909090906,3.1926485636363635,4.638412545454545,2.2736053636363636,113.32065454545454,2.789332818181818
                      Jar_BLK_4,7669.0,44841.81856363636,7678.6457,7670.0,78.41725545454545,98.92845727272726,913.5149818181818,1918.9998181818182,53.84916090909091,38260.73545454546,256.8977890909091,469.09694545454545,645.7627181818182,12627.430909090908,49006.435454545455,302615.9818181818,10504.589272727273,54423.06909090909,290.7738909090909,25807895.454545453,99.87787000000002,50.11645454545454,116.52660818181818,34.98643545454546,31.409893636363634,42.36554909090909,18911.76,20.870150909090906,16849.205454545456,39.26589454545455,37.17756272727273,194271.4818181818,3049.609818181818,17.887500909090907,495.7884454545454,17.40964718181818,107.18876545454546,73.33994636363637,1471832.5454545454,0.7868659090909091,477.0022272727272,932.8525363636363,5318.043818181818,75.43786272727273,6135.4357272727275,757.8325272727274,2642.2488181818185,115.82472181818183,815.106590909091,207.55786363636363,547.8646545454545,26.4797,43.181900909090906,24.120356545454545,2738.039090909091,725.6887545454546,1991.9458181818181,3817.9025454545454,187.01938181818184,185.21263636363636,360.9689818181818,563.0264636363637,1032.1813,834.8878181818181,170.17725454545456,84.38092545454546,77.77880909090909,327.50566363636364,433.12518181818183,315.1411090909091,191.65740909090908,65.43885636363638,340.19040818181816,28.704656999999997,17.409657272727273,54442.49545454545,959.0270818181817,225.72321818181817,119.1142,5.519711363636364,930.9593090909092,2601.3786363636364,60007.60818181818,209.16456363636362,187.90496363636365,8817.867381818183,1065.5039827272726,1126.5495663636364,278.73152454545453,107.14115881818181,112.6167809090909,7087.63431090909,900.9555027272727,2591.920007272727,508.9863236363636,275.37668636363634,203.12555363636363,55.25528,140.3621909090909,112.28367727272726,80.89421545454546,113.20400909090908,2.7909975454545455
1,49.0,44841.73025454545,49.0,50.0,86.7826009090909,45.48381454545454,1485.4321454545454,5725.105181818181,79.45366909090909,34576.32727272727,200.08731636363638,322.41415454545455,343.9571172727273,4059.8740909090907,8175.507181818181,16531.25909090909,5156.904818181818,24783.17090909091,201.00542636363636,14758651.818181818,33.67753454545455,15.943177272727274,392.22375454545454,16.673579,19.118672727272727,17.56232768181818,21144.78181818182,17.987361818181817,16951.674545454545,35.296713636363634,23.338641818181816,353689.2454545455,1850.9702727272727,18.088886363636366,911.3424090909091,12.734694454545455,21.918473454545452,17.203559,381767.2454545455,383.6053636363636,40.22639818181818,25.33709272727273,261.8186,15.533314181818183,586.9326363636363,22.886508363636366,42.52714727272727,93.09635181818182,40.86352018181818,121.69426909090909,139.25607545454545,41.25080454545454,13.717428545454545,16.197913818181817,34.24847181818182,16.80180609090909,76.61973909090909,64.99865181818181,8.079069,12.993144545454545,22.247825363636363,24.122534545454542,29.300817272727272,847.5181818181819,206.12065454545456,9.126427545454545,8.611657454545455,7.943310272727273,7.626602909090908,142.73324545454545,9.164001727272726,18.280102272727273,22.552756363636362,7.8220256363636365,19.256046636363635,51734.42727272727,925.9701363636364,244.49202727272726,113.88584,4.295740090909091,1247.8937272727273,3855.3311818181814,65728.78727272728,199.74384545454544,247.07829090909092,2.6376530909090907,1.721522,2.4554236363636366,2.910380272727273,1.6369490909090911,2.1298715454545456,2.455659090909091,0.9092079999999999,1.9098519090909092,2.204076909090909,1.9096763636363638,3.424817545454545,3.638002818181818,2.6374174545454547,2.589656454545455,1.636714909090909,112.63256363636364,2.808615
10,2102.0,44841.754136363634,2111.6418,2103.0,97.08247818181817,82.40005090909091,1287.4570999999999,2655.4507272727274,90.9676309090909,50666.976363636364,284.18574363636367,612.5375363636363,605.119309090909,13881.338090909092,33670.093636363636,226987.22727272726,10584.831818181818,50611.534545454546,298.85803636363636,24473683.636363637,105.1158309090909,54.42320363636364,121.89851181818182,32.45206727272727,34.86864,22.185717272727274,17928.958181818183,24.827531363636364,14373.275454545454,31.74423909090909,40.74362090909091,127910.71818181817,13073.503636363637,31.326862727272726,428.47769090909094,22.83712981818182,104.76938272727271,66.34130636363636,1370137.6363636365,0.0,385.4449090909091,898.7346272727274,4990.164727272727,73.48881454545455,6363.114181818181,2206.249363636364,3937.0475454545453,161.21528454545455,5112.589818181818,300.3711272727273,492.67067272727274,28.49429027272727,153.7295090909091,35.32523909090909,2766.4394545454543,870.7355,4700.072,3716.7970909090914,416.01714545454547,378.4441090909091,261.4488818181818,323.5345454545455,824.1086454545456,847.1114636363636,174.4760727272727,114.97177181818182,291.9680090909091,219.69129999999998,309.71646363636364,172.2521,176.2821,56.433629999999994,298.10040909090907,29.54999909090909,16.94843090909091,53512.24090909091,925.740590909091,229.51247272727275,126.53509090909091,4.9508742727272725,534.8228272727273,1605.8592727272728,59115.12545454546,212.49909090909088,185.7763,12658.866100000001,1421.8035690909091,1594.0303536363638,398.9658690909091,144.5234529090909,153.13718181818183,10368.983072727273,1177.9207836363637,3547.063521818182,701.7768427272727,393.0655854545455,52.97035890909091,19.211769272727274,37.76946181818182,35.010693454545454,23.551961272727272,113.49755454545453,2.7911363636363635
11,2296.0,44841.75637272727,2305.6419,2297.0,141.15194454545454,113.7095409090909,1204.9005272727272,2888.906636363636,142.75894454545457,53450.024545454544,262.77574454545453,575.4783,660.4195454545455,12531.075727272728,34768.53181818182,219249.27272727274,9830.130727272726,50282.37545454546,329.3285090909091,23758510.0,73.89622545454546,29.357728090909088,111.68448818181818,15.571171845454545,19.118696363636364,36.19371909090909,17972.758181818182,22.775966363636364,14679.161818181818,39.581813636363634,36.42059663636363,134350.84545454546,10329.172363636362,28.94925181818182,458.1748454545455,18.042691363636365,98.55071545454547,58.60625636363636,1364834.4545454546,0.7868659090909091,441.9698818181818,866.8788818181819,4758.0228181818175,73.96558363636363,6202.259272727272,2447.942363636364,5981.432818181818,220.31056363636364,5158.316272727273,298.1068272727273,543.0294818181818,15.880761272727273,125.98356272727273,29.412990909090908,2425.421909090909,997.2944727272727,5858.348,8578.646636363635,389.10621818181824,326.9273818181818,280.7249509090909,356.0645818181818,1425.5179727272728,871.7534818181819,183.33667272727274,107.3005409090909,236.38348181818182,500.9713909090909,501.6139181818182,174.1363818181818,222.32369090909089,63.25970090909091,683.4454000000001,56.42445272727273,16.37065,53634.03,942.8420090909091,231.1240272727273,123.30311818181818,5.301475818181818,553.9292272727272,1657.0428181818183,59141.49818181818,210.7039,194.46679090909092,14588.484242727274,1370.0683953636365,1780.9382754545454,461.2002795454545,176.6161779090909,181.30084863636364,12456.728743636364,1163.3353280909091,4093.873094363636,760.0614283636364,464.5195632727273,9.176722636363637,6.704684636363637,7.144760636363636,7.738889454545455,6.044850272727273,113.69884545454546,2.792454181818182
12,2457.0,44841.75824545455,2466.642,2458.0,58.335361818181816,96.33748181818181,1296.7873363636363,2977.1690909090908,125.79178545454546,49730.36181818182,218.53563454545454,360.0068990909091,605.8305181818182,17309.215454545454,34511.13181818182,216250.30909090908,9589.024818181819,49541.948181818174,392.40225363636364,24629086.363636363,82.32286363636364,30.16889090909091,119.86374454545454,30.47666090909091,34.29507,23.825416363636364,18864.275454545455,24.73066,15861.50818181818,23.903745454545454,33.63490727272727,224948.38181818184,16114.483636363637,22.71382909090909,612.3210818181818,16.292817181818183,87.91664,56.615249999999996,1332871.0,1.4758163636363635,337.07350909090906,723.547390909091,4072.8269090909093,58.770863636363636,5420.6767272727275,1499.7833636363634,5266.241272727273,186.3073090909091,7293.465272727273,367.3150636363636,832.5910090909091,40.07036272727273,181.9243818181818,50.152347272727276,2338.1814545454545,827.396090909091,9616.275727272727,8654.020727272728,345.4279636363636,609.7279818181818,284.5138727272727,808.5600545454545,1411.0337909090908,816.7455727272728,189.21792727272725,97.77539636363636,628.0220090909091,280.55963636363634,490.92343636363637,169.74685454545454,153.26107181818182,60.19089545454546,156.19577272727273,18.08778909090909,17.66125090909091,53807.49,933.1159,218.71890909090908,115.32422818181819,6.185331818181819,879.7878181818181,2546.6097272727275,56949.13,207.6103909090909,189.37526363636363,4189.630554181818,576.5554201818181,551.1920457272728,139.50700581818182,53.23206072727273,56.13221764545454,3021.8969534545454,449.5858740909091,1135.0435282727274,234.77672674545454,121.120298,5.078077727272727,4.15911,4.593991909090909,5.331147636363636,4.002107363636363,114.12158181818181,2.789991909090909
13,2621.0,44841.760145454544,2630.6421,2622.0,62.426851818181824,90.64716181818181,1171.6446454545455,2778.103181818182,82.85903545454545,47595.68272727273,206.2762081818182,460.7317545454545,572.2501272727272,11386.582,36424.81909090909,237984.84545454543,10897.818272727272,51052.79363636363,341.89924545454545,24437116.363636363,97.29071636363636,43.60712636363637,114.80032545454546,44.10017272727273,32.217118181818186,33.697044545454546,18258.094545454547,29.191311818181816,14790.462727272727,31.93770909090909,22.531087272727273,150448.7909090909,14436.366363636364,24.74909272727273,473.60351818181823,16.508841636363638,129.08679272727272,69.68026454545453,1375543.1818181819,0.0,390.4074545454545,859.0083363636364,4609.156545454545,78.23924818181818,5991.7967272727265,1966.564272727273,3750.8979999999997,161.21756454545454,4607.062818181818,273.1031363636364,589.6880636363636,22.748720272727272,162.83194727272726,30.95410818181818,2399.524090909091,928.9532090909091,7194.977818181817,4039.7149090909093,329.0791545454545,317.7337909090909,265.53312,378.79877272727276,818.7703,850.7815909090909,182.14174545454546,109.3156,267.91131818181816,335.98359090909094,281.1486090909091,175.9183181818182,207.83370000000002,52.79237545454546,275.13643636363634,30.00047545454545,17.629279090909094,53613.97818181818,944.5327272727274,229.96340909090907,119.98933181818182,4.570757363636364,648.1005,1902.7372727272727,59536.60818181818,206.16573636363637,187.91989090909092,12123.410379090907,1217.77124,1489.9147360909092,386.46688136363633,141.36050309090908,151.38221172727273,10092.208044545456,1035.1878545454545,3391.3851809090906,632.3213794545454,376.09526763636364,50.77754636363636,18.496318,35.34744909090909,31.84184090909091,21.56061572727273,113.77389090909091,2.7911710000000003
14,2812.0,44841.762354545455,2821.6423,2813.0,73.783,96.81614727272726,1050.9888272727273,2633.3759999999997,148.74061090909092,53448.781818181815,275.4052681818182,539.7066363636363,581.9363727272728,12664.82718181818,33359.13636363636,194579.0,9865.373,49298.26818181818,326.76714363636364,24021965.454545453,89.80442181818181,54.58342336363636,132.2339609090909,35.40225454545455,22.64824090909091,36.40868454545454,18210.793636363636,37.37728818181818,14752.279999999999,40.945662727272726,31.58781909090909,135683.95454545456,9579.944181818182,26.00333909090909,402.72459999999995,19.640993818181816,99.05971363636364,53.246213636363635,1356133.5454545454,0.0,394.84906363636367,839.7637272727272,4318.533818181819,61.59683636363636,5923.974818181818,2586.455727272727,6362.74509090909,213.47949090909088,5114.250636363636,309.00788181818183,540.2478090909091,23.354499363636364,102.00809363636364,31.80747081818182,2249.141,996.3331454545455,4862.884636363637,8278.267454545454,369.21224545454544,313.83280909090905,384.3752236363636,422.3912272727273,1459.1995181818181,864.2365181818182,175.31050000000002,126.2679790909091,231.13904545454545,251.58886363636364,499.1987,175.54528181818182,238.96006545454546,56.73834363636363,175.46455272727272,20.285939090909093,20.460641818181816,53675.49090909091,927.0832090909091,230.31093636363633,128.02503636363636,6.169934090909091,537.3987181818181,1620.7020000000002,60437.729090909095,208.34084545454544,190.3506909090909,21117.686620727272,1575.5569224545454,3137.4344736363637,918.313102909091,383.6610908181818,439.4766921818182,22698.085294818182,1436.0324923636365,7738.330773,1255.2946514545454,1031.8946878181816,46.280038181818185,18.102532181818184,34.40081045454545,30.47760109090909,20.490508090909092,113.39540000000001,2.793633272727273
15,2913.0,44841.76352727273,2922.6423,2914.0,97.89192818181817,133.18938636363634,1230.411490909091,2842.7102727272727,133.65324272727273,46792.84818181818,483.96250000000003,499.10844545454546,594.0008909090909,8735.454181818182,33873.98909090909,239854.47272727275,10185.843909090909,51105.196363636365,319.26102090909086,24620924.545454547,134.70311454545455,53.216035454545455,131.69818545454544,42.77679909090909,34.376425454545455,49.97546727272727,18212.550909090907,33.249801818181815,15053.356363636365,33.26419727272727,18.371677000000002,124524.33636363636,10529.055454545454,17.68042,406.5550636363636,23.34778754545454,101.3080990909091,56.97864909090909,1386678.0909090908,0.0,406.1316636363636,887.2504818181819,4833.040727272728,72.89786818181818,6126.226363636364,2376.064909090909,5478.879,185.98610909090908,5185.668818181818,274.6708545454545,521.8285727272728,24.40818181818182,133.0029718181818,19.521833636363635,2466.2253636363635,881.6930181818182,5896.865,6709.884,372.17274545454546,300.07348181818185,257.7574272727273,320.78847272727273,1220.4865636363638,850.2835272727273,181.17924545454545,104.34833545454545,224.35594545454543,227.1787181818182,490.7343181818182,171.6722727272727,165.00857272727274,50.48738090909091,144.38219727272727,17.045041454545455,14.912312818181817,53487.62181818182,943.1656454545454,233.81822727272728,125.03772727272727,5.275832818181818,555.3805636363636,1669.7814545454546,61195.696363636365,203.3362909090909,193.61340909090907,15299.758913636364,1369.8877181818182,1881.0232227272727,496.2050068181818,187.3209247272727,200.73673399999998,13641.950764545454,1207.5738072727274,4488.901676363636,816.6941208181819,505.412033,33.534805818181816,11.477242363636362,26.490174090909093,25.10245072727273,13.335807727272726,113.7880090909091,2.7948124545454545
16,3099.0,44841.76567272728,3108.6425,3100.0,75.80148090909091,121.96148090909091,1126.7228454545454,2542.831818181818,47.71463181818182,46673.32,253.92215090909093,353.6400890909091,602.8290545454546,8054.241454545455,32906.24545454545,243990.17272727273,10127.356363636363,50447.65909090909,347.0510545454545,24409897.272727273,120.40745545454546,57.02455545454546,124.18879272727273,25.727712727272728,30.886120000000002,33.911984545454544,17877.26909090909,32.748329363636365,14741.545454545454,31.137496363636362,28.670850909090912,120740.54545454546,8316.663545454545,22.024689090909092,347.94691818181815,16.689079,89.43387454545454,74.88698363636364,1390186.0,0.0,411.9592,870.3988363636363,4713.273090909091,79.92826181818181,6146.555545454546,2581.074,5783.294090909091,200.69774545454547,5544.523,309.3628727272727,503.44599999999997,17.094082999999998,102.91062000000001,23.32833618181818,2450.6902727272727,949.6873545454546,5600.1857272727275,7429.833,362.8487,338.4922636363636,209.6509518181818,289.60861818181814,1227.7378454545453,833.0186272727274,180.50518181818182,104.51303454545454,252.01303636363636,191.63874545454547,473.4470454545454,159.9690272727273,165.32667272727272,46.5616509090909,158.81002727272727,19.720795272727273,15.750211818181818,53568.98,932.4738636363636,239.08841818181818,124.28549909090908,6.012220636363637,525.6864636363637,1614.3873636363635,61646.24818181818,202.79095454545453,180.68414545454544,8022.100776363636,955.59881,1021.3645154545454,252.84521772727274,91.69985463636364,91.07689054545455,6476.506567272728,813.7521145454546,2257.226430909091,449.5849982727273,238.3996996363636,86.32866927272727,29.24127163636364,63.68522727272727,53.72848927272727,38.40839663636363,113.33613636363636,2.7929743636363638
17,3246.0,44841.76737272727,3255.6425999999997,3247.0,83.3772490909091,83.38212454545454,1271.1406,2676.3863636363635,121.28529636363636,47772.69454545455,214.09371754545455,471.42149090909095,594.1481545454545,10543.048,35439.12272727273,242950.34545454543,10906.165727272728,51349.9,326.9304263636364,24162671.818181816,117.82751545454545,53.52009218181818,103.18409272727273,37.884766363636366,35.756257272727275,33.60005454545455,17387.53181818182,21.181521818181817,14718.788181818183,34.472678,23.30854272727273,106687.67272727271,11102.394545454545,17.29213181818182,357.98465454545453,20.20198681818182,88.6616990909091,65.41689818181818,1402444.3636363635,0.0,456.63168181818185,942.8333000000001,5361.8542727272725,97.20642090909091,6345.353363636364,2186.544,2857.3687272727275,144.91108181818183,6436.7967272727265,283.81356363636365,523.9272818181818,29.273413636363635,141.58815454545453,23.58667381818182,2850.723818181818,804.9737636363636,4798.970181818182,1019.5181272727273,392.64327272727274,354.0209,322.57067,372.78093636363633,288.20383636363636,809.6525454545455,174.09426363636365,114.27470909090908,276.9177272727273,161.53123636363637,139.89698545454544,181.6977090909091,92.4349790909091,46.5562,130.0295818181818,17.60744990909091,16.705383636363635,53593.33727272727,916.329109090909,233.23354545454546,127.97520909090909,8.086117909090909,463.60485454545454,1431.2233636363637,60891.45818181818,211.71175454545454,187.41042727272728,18876.551418181818,1659.7849790909092,2351.9129390909093,600.6895727272727,229.37106263636363,245.84030554545453,17439.728054545456,1478.3042127272727,5658.673589090909,1035.9361645454546,652.3083718181817,81.18441572727274,24.238285909090905,55.62850027272727,48.235209090909095,29.974368090909085,113.83099090909091,2.7956444545454544
18,3377.0,44841.768881818185,3386.6427,3378.0,60.635335454545455,74.8934509090909,1389.7560545454546,2838.794545454545,79.09832909090909,44173.299999999996,232.54227090909092,486.1682818181818,751.8479727272727,17308.152363636364,37763.85727272727,224500.1636363636,10290.55909090909,50067.02,288.33127090909096,23732438.181818184,93.21018272727271,55.08624681818182,118.62066090909092,20.64941818181818,27.173669090909094,28.71706818181818,18337.352727272726,29.417212727272727,15110.533636363636,23.753500909090906,24.775467272727273,136686.0909090909,12284.021818181818,23.051167363636363,426.4327727272728,14.413103545454543,96.40541363636363,56.33547272727273,1346748.1818181819,0.0,406.4814090909091,827.9719545454547,4668.702818181818,74.49578272727273,6010.249272727273,2016.229818181818,10435.426545454546,291.7827545454545,5147.983818181819,289.2343181818182,603.3912727272727,21.82947118181818,146.53522727272727,24.06763454545455,2265.8728181818183,1064.140809090909,4695.724727272727,22343.722818181817,382.18719090909093,239.0548909090909,162.09345545454545,273.53942727272727,3104.2974545454545,827.4274272727272,162.71364545454546,79.98670909090909,181.07913636363637,172.78491636363637,1107.703490909091,157.12357181818183,127.26076363636365,50.41608636363637,191.64385454545456,19.38835681818182,15.239889545454547,53133.98090909091,894.7139545454546,208.00543636363636,123.72640090909091,3.3022704545454546,528.4263727272727,1589.330181818182,59423.55,200.13061818181816,180.85646363636363,5115.728204545455,694.5592963636363,676.4604848181817,175.21777699999998,59.98163363636365,66.36166572727274,4044.568532545454,549.5753911818182,1426.7058345454545,307.0885688181818,157.79104927272726,67.21409272727273,20.06118718181818,45.03759818181818,39.76575909090909,26.793590909090913,113.20255454545455,2.804349363636364
19,3531.0,44841.770672727274,3540.6428,3532.0,128.55512545454545,82.57772272727273,1213.5309545454545,2493.1083636363637,128.86593454545456,47833.987272727274,295.09697272727277,364.4786363636363,743.8077272727273,8866.909272727273,33771.73090909091,237793.4,10708.993,51365.67,335.1620354545455,24580244.545454547,78.10592454545454,52.26835181818182,142.25809999999998,23.600554545454546,44.123430909090914,37.612795454545456,18459.72,34.354822727272726,15106.59181818182,25.957590000000003,21.543843636363636,126939.65454545454,9286.55690909091,25.121718181818185,385.3067636363636,17.283801545454544,108.32866272727273,62.09372727272727,1382523.3636363635,0.7868659090909091,399.13275454545453,834.7324545454546,4601.693909090909,73.97425363636363,6010.320363636364,2897.098727272727,8291.695181818182,235.33436363636363,5167.394545454546,287.7067909090909,608.8767181818182,18.834412818181818,114.41556454545456,21.637636909090908,2291.185,1144.7645454545454,6545.775,12508.661181818183,351.0348727272727,301.8024909090909,167.4692018181818,292.50904545454546,1841.3611090909092,857.2701000000001,190.3292181818182,89.73910090909091,222.87795454545457,180.88271818181818,734.124390909091,162.21147272727274,218.0146,54.07408818181818,153.14108181818182,18.844255363636364,17.307013636363635,53693.493636363644,935.6709454545454,235.91539090909092,125.36431818181818,5.821520454545455,555.9828,1672.8195454545455,61576.53090909091,205.4112,195.21605454545454,5048.268651818182,695.2780346363636,669.5170865454546,172.94952663636366,64.92089763636363,66.21116454545455,4028.995210909091,535.10209,1434.2288063636363,290.88457272727277,157.17413354545454,14.645590454545454,7.667118636363636,10.369878272727274,10.445727727272727,8.368741727272727,113.4446,2.7922114545454546
2,524.0,44841.73575454546,524.0004,525.0,106.11915272727273,173.0172072727273,1469.8835636363635,2525.5891818181817,122.28229363636363,46285.08909090909,343.3500818181818,506.1121718181819,758.1848090909091,17471.26909090909,38180.96,225173.23636363636,10237.363,50586.89000000001,379.3877,24462892.727272727,144.90554818181818,79.6149309090909,125.71865000000001,42.94490181818182,51.665269090909085,46.261300909090906,18207.660909090908,49.50318909090909,14346.842727272726,41.29473909090909,51.04430545454545,146904.42727272728,9718.636636363635,42.07203454545454,462.55096363636363,31.35551263636364,111.28898727272727,73.34784,1389714.1818181819,0.0,429.69280909090907,857.8187545454545,4800.578181818182,100.60322090909091,6271.946272727273,2670.991727272727,3424.862363636363,153.1118818181818,5443.340636363637,337.8775454545455,551.3639727272728,40.892244545454545,137.44697545454545,54.22610454545455,2928.140272727273,1122.9648909090909,5164.801272727273,1639.7293636363638,426.98129090909094,812.2731090909091,626.8298272727272,633.7697727272727,538.1711272727273,813.4091909090909,174.40588181818183,211.62167272727274,561.4801727272727,180.4320818181818,261.59353636363636,240.29748181818184,128.4499,54.480174545454545,386.8673909090909,40.52580181818182,18.67681818181818,53663.26909090909,902.7961363636364,216.10150909090908,124.8544,7.4264826363636365,618.983990909091,1804.3155454545456,59388.38818181818,202.96675454545456,181.0857,43068.86818181818,2950.2974545454545,6100.277454545454,1786.1082727272726,756.2765272727272,847.0131272727272,46212.99636363637,2719.7022727272724,15213.005454545455,2425.4026363636362,2024.575272727273,8.129674636363637,6.276533909090909,4.365862272727273,9.709618363636364,4.804299090909091,112.72306363636363,2.8052855454545456
20,3631.0,44841.77183636364,3640.6428999999994,3632.0,68.22584,94.10648572727273,1007.4312727272728,2494.2227272727273,83.37237,48463.06909090909,279.06230727272725,305.31353545454544,832.5846363636364,9072.398272727272,34424.12454545454,235194.4909090909,10513.885909090908,50605.464545454546,376.5892727272727,24474576.363636363,65.57917181818182,27.336185454545454,132.36816363636365,25.562543636363635,35.542758181818186,30.73053090909091,18487.598181818183,33.49234636363636,15211.926363636363,30.587994090909092,23.82123,144564.58181818182,11116.753636363637,23.771704545454543,432.36942727272725,17.486802454545455,107.84381818181818,61.44749636363636,1383428.0,0.7868659090909091,419.2606454545455,781.6462636363635,4537.837909090908,81.89463818181818,5792.250181818182,1743.4432727272726,5408.658272727273,186.44848181818182,4589.882,293.7905727272727,613.579,28.608491818181815,135.47085454545456,29.49460363636364,2232.294,841.5203454545455,3353.0662727272725,9450.177090909092,344.19754545454543,273.5804545454546,235.10918,302.7533272727273,1402.5905363636364,869.8237,172.73277272727273,106.60990818181818,220.60973636363636,159.36657909090908,530.8824090909092,173.0772727272727,246.69923636363637,60.99186454545455,159.20141818181818,17.51994090909091,18.452254545454544,53736.07181818182,920.1006272727274,234.03189090909092,123.785,7.240340727272727,652.6109363636364,1928.205090909091,61047.267272727266,199.15003636363636,197.41339090909094,10282.027987272728,1061.4692914545456,1283.1368875454546,327.52122299999996,116.316908,124.7950580909091,8482.48203,897.1179366363635,2827.3812892727274,542.5423016363637,315.1184917272727,99.53763363636364,30.60001327272727,64.5977,59.75736818181818,36.13849772727273,113.22889090909092,2.794534818181818
21,3726.0,44841.77293636364,3735.6428999999994,3727.0,90.94325272727272,81.58084090909091,1062.4049909090909,2777.8496363636364,104.88032081818181,45952.042727272725,245.89225272727273,408.8072272727273,437.38278181818185,8800.77718181818,33785.45090909091,241769.9090909091,10060.974,50459.93636363637,320.31169090909094,24579285.454545453,113.90294363636363,65.90533454545454,114.96875272727274,24.638678181818182,35.739022727272726,40.17698636363636,18313.524545454547,21.009347272727272,14903.712727272727,27.545272999999998,21.012835454545453,118740.63636363637,9528.128727272728,26.506173636363634,388.1999272727273,17.628631181818182,98.95345909090908,69.59023363636364,1391681.6363636365,0.0,383.24960000000004,819.3910727272727,4883.040454545455,82.40760636363636,5932.155,1877.5529999999999,4276.934,159.3308181818182,5271.060363636363,278.9396454545454,499.1303909090909,19.762228454545454,121.98130363636363,27.146761636363635,2409.617181818182,928.6756545454544,3903.8485454545457,5531.051090909091,351.3050909090909,272.3967181818182,191.7419790909091,282.63576363636366,996.6423454545455,824.4577454545455,184.90636363636364,92.67115909090909,204.21329090909092,146.00945454545456,385.51702727272726,166.46005454545454,166.93762727272727,49.68292636363637,119.83420454545454,18.013744545454543,16.22922909090909,53567.09272727273,934.7776454545454,234.5935090909091,127.78213818181817,5.912721454545454,503.1203,1538.028818181818,62005.92,205.53169090909088,192.41997272727275,8217.318865454545,965.5339927272727,1043.240498181818,251.86132536363633,94.51245727272727,105.39641390909091,6797.4982818181825,790.4031899999999,2329.973726363636,464.16058727272724,247.39201545454546,17.84424690909091,8.721940363636364,13.937728727272725,14.711870909090909,10.187870545454546,112.98718181818181,2.7949511818181816
22,3853.0,44841.7744,3862.6430000000005,3854.0,45.48381454545454,60.87223027272727,1037.872409090909,2699.8076363636364,43.75658090909091,47772.52,288.6718090909091,353.32925454545455,581.2671727272727,7020.858727272727,33007.45090909091,239892.4,10466.337545454546,50671.37818181818,367.3503909090909,24346768.181818184,96.12872363636365,36.448288181818185,115.8661009090909,27.78288,30.885174545454547,33.537257272727274,18187.486363636363,23.822657272727273,14978.204545454546,22.74906181818182,28.16403818181818,111506.85454545454,10740.83090909091,14.484081272727273,364.45913636363633,15.764971090909091,100.69457545454544,54.97488545454546,1390713.7272727273,0.0,398.1122818181818,874.6590545454545,4734.155181818182,82.0260709090909,6145.378454545455,2501.098090909091,6162.638727272727,197.3130909090909,5833.473545454545,333.7874727272727,519.7337,19.617452999999998,130.14942272727274,33.05216545454545,2406.1142727272727,1062.6958272727272,4838.616272727273,9147.440818181818,393.50922727272723,421.2935,170.39725454545453,292.02708181818184,1461.2147636363636,840.7302727272727,166.0620909090909,100.74863,261.1472272727273,144.75983909090908,547.4775818181818,156.7776909090909,226.6752909090909,56.83905909090909,177.64014545454546,18.22485181818182,17.70105,53485.64272727272,932.6022727272727,245.93612727272728,129.98565454545454,4.730085363636364,515.7933909090908,1537.9325454545456,62636.80272727273,201.48121818181818,190.03179090909092,4852.1573027272725,696.2891351818181,654.5352845454546,165.73437018181818,57.84218509090909,60.732313909090905,3854.2465645454545,559.4187226363637,1391.53512,301.86290009090914,154.68014809090909,107.03931272727273,36.67433672727273,74.85540363636363,64.22125454545454,44.901686454545455,113.88446363636363,2.7934944545454545
23,3947.0,44841.775481818186,3956.6431,3948.0,117.8998009090909,98.54338363636363,929.8460545454545,2412.1074545454544,113.70954272727272,46229.980909090904,286.73172636363637,384.9844909090909,668.2085636363637,8654.028181818181,35016.13272727272,257740.25454545452,10315.807363636362,53500.843636363636,267.2471436363636,24485436.363636363,101.7052129090909,48.932839090909084,126.27947090909092,28.337022727272725,33.87641781818182,28.88727181818182,17780.498181818184,37.09645909090909,14759.566363636364,31.432073636363636,31.113280909090907,107988.40909090909,12476.978181818182,28.762974545454544,359.8887818181818,17.310119818181818,135.99810363636362,69.76556727272727,1412456.8181818181,0.7868659090909091,475.6896545454545,918.8837,5120.6810000000005,85.11660181818182,6282.007181818181,2108.2811818181817,5404.245090909091,191.2000181818182,5697.107545454545,259.1226454545454,499.59749090909094,25.22284090909091,158.61483636363636,32.58652254545455,2795.9766363636363,937.6454090909091,5399.841818181819,6816.107181818182,371.3322,389.9541454545455,272.0083681818182,357.3840909090909,1103.7806,823.0030363636364,175.20174545454546,117.7776009090909,274.4408818181818,140.69809090909092,458.6319818181818,180.4229090909091,100.70686636363635,44.17912181818182,129.99503636363636,16.85836063636364,16.703955454545454,53586.549090909095,921.625309090909,229.30460909090908,133.16935454545455,4.456888363636364,501.891,1522.8084545454547,61784.640909090915,196.72982727272728,191.56592727272727,14967.653351818182,1484.1298363636363,1844.345888181818,472.0121955454546,170.9557500909091,186.50363545454547,13292.502396363638,1285.4856118181817,4358.117261818182,812.5070645454545,478.6371781818182,25.760925454545454,11.370676909090909,20.52291009090909,17.6737,11.228431909090908,113.3722909090909,2.7946736363636364
24,4059.0,44841.77678181818,4068.6432,4060.0,37.88855,145.34493363636363,1075.9675363636363,2193.0178181818183,140.91308181818184,42816.46727272728,364.00424545454547,434.7919636363637,677.402409090909,9788.052272727273,37247.07727272727,270131.5272727273,10581.642,54221.130000000005,316.5806090909091,25243188.181818184,77.55772909090909,43.28083,109.32255272727274,26.135872727272726,26.376010000000004,36.722575454545456,18456.493636363637,28.20567090909091,15407.680909090908,23.430245454545457,23.28141272727273,138622.56363636363,8991.090545454545,21.38657909090909,374.24242727272724,19.32361481818182,98.36043363636364,62.57403909090909,1406513.9090909092,0.0,427.59262727272727,853.6750636363636,4982.362,69.97941545454545,6116.234636363637,1595.425,6145.483090909091,195.21898181818185,4201.381,252.14529090909093,533.5365363636364,20.08455027272727,117.46404545454544,22.92368090909091,2530.039909090909,859.3568090909091,4906.939454545454,11172.924,322.98948181818184,264.8431090909091,173.28366545454546,268.92961818181817,1568.8107727272727,861.8093818181819,172.51159090909093,83.80059090909091,192.96127272727273,154.45024545454547,644.2465181818181,159.89145454545454,191.65122727272728,64.98258818181817,343.1074272727273,29.21823909090909,16.658478272727276,53828.193636363634,933.4447727272727,233.30909999999997,123.88218181818182,4.560823909090909,620.5534272727273,1847.7058181818181,60679.906363636364,203.67440909090908,187.6902,4727.490580909091,694.6633527272727,643.3820872727273,159.72996899999998,59.68200100000001,62.67802199999999,3732.6529045454545,553.5438454545455,1386.9085854545456,294.3432951818182,154.01887781818183,247.43295454545458,67.04279636363636,171.92405,124.6436390909091,87.32270818181819,113.75846363636364,2.79183
25,4984.0,44841.78748181818,4993.6438,4985.0,78.7300909090909,98.53875272727272,1230.868281818182,2985.199272727273,102.70873545454546,52906.96000000001,248.4017909090909,567.2759090909091,549.7455727272727,10058.070363636363,31695.30272727273,194162.41818181818,9944.52009090909,48519.56181818182,346.1628345454546,23593161.818181816,85.39733818181818,44.012009090909096,125.51603636363637,28.331227272727276,29.909408181818183,26.874700909090908,17724.11090909091,30.227586363636362,14726.316363636362,20.33363272727273,31.729384545454547,105056.30545454547,9839.051727272728,21.265094545454545,331.5440545454545,16.18985418181818,88.70445818181817,55.6814070909091,1377778.6363636365,0.0,408.6093909090909,834.2970909090909,4531.007818181818,63.05023454545455,6081.053727272727,2767.684272727273,4440.607909090909,169.69862727272726,7575.776727272727,411.75246363636364,531.0341818181819,25.10425818181818,106.79782,39.18736272727273,2640.5849999999996,1118.415281818182,4824.1814545454545,3890.907909090909,323.6151636363636,689.7273,254.74167272727271,524.9296545454546,1083.395690909091,860.5067363636364,177.41888181818183,128.58421636363636,460.1938727272727,1017.2496545454545,413.5327909090909,165.1911090909091,246.6159545454545,96.10185,2898.6553636363637,173.26404363636362,16.263327272727274,53526.86090909091,918.4126636363636,224.70677272727272,129.21438181818183,5.410748636363636,454.8873454545455,1380.2878181818182,61797.02545454546,203.28632727272728,177.09742727272726,7450.036636363637,1066.1862727272726,989.0064363636363,244.1953818181818,86.30381545454544,89.42470636363636,5814.181363636364,838.1522727272727,2054.643727272727,433.5679818181818,218.43679090909092,11.987570636363637,7.755203909090909,10.357251909090909,11.715729636363635,7.059601454545454,113.37703636363636,2.793563818181818
26,5098.0,44841.78881818182,5107.6439,5099.0,49.57090363636364,98.78527818181819,1088.3581,2700.502,99.92033818181818,44346.61090909091,259.7997536363636,457.9482272727273,550.3672545454546,9544.666363636365,32615.649090909094,213004.32727272727,10342.63418181818,51403.44454545455,444.3268545454546,23832265.454545453,111.73230272727274,72.88920636363636,112.80944818181818,38.47828454545454,38.75726363636364,26.960350000000002,18152.65818181818,32.96726636363636,14893.47090909091,26.95909272727273,35.633613909090904,115862.3,10799.889090909091,27.70126727272727,378.95238181818183,27.46285509090909,116.2817890909091,69.8983690909091,1388487.7272727273,0.0,383.2807636363637,819.5450454545455,4607.114181818182,90.91139090909091,6335.410090909091,2994.6122727272727,4901.550272727272,206.26218181818183,7935.348545454545,366.41061818181817,532.8183,25.042216363636363,135.88323363636363,56.81131727272727,3012.921363636364,1411.962,4254.099727272727,5358.2084545454545,363.3927909090909,957.7157272727272,389.33030909090905,637.056509090909,1265.5329,823.5771909090909,197.60261818181817,173.0748790909091,730.6924909090909,763.6934,555.9803545454546,213.4288181818182,156.07723636363636,55.67115272727272,360.9665,34.16067181818182,19.090452818181816,53442.60363636364,935.1550090909091,234.55534545454546,120.42924545454547,6.1558968181818186,535.6962272727272,1623.700090909091,61725.130000000005,206.84347272727274,189.22529090909092,18939.696170909094,1586.4043909090908,2350.283612727273,618.0059546363636,234.37228727272725,265.01124090909093,17486.192500909092,1409.6235664545454,5593.019428181818,994.0058210909091,653.8629456363636,452.2202154545455,102.71624363636364,337.67147727272726,219.74991909090912,156.64356636363638,113.17439090909092,2.7938067272727274
27,5187.0,44841.78984545455,5196.644,5188.0,71.40411636363636,85.20324445454546,1068.8755090909092,2384.6125454545454,70.98955090909091,42982.96181818182,332.45256363636366,430.7203,607.3559545454546,10482.464818181817,34920.57272727272,227108.27272727274,10294.01818181818,50725.89181818182,397.30227272727274,24104899.09090909,106.06091818181818,56.54995363636363,111.52867,33.92718090909091,29.160144727272726,34.929736363636366,18235.910909090908,38.853142727272726,14857.761818181818,28.556357272727272,30.748036363636366,106746.61818181818,11760.965454545454,17.409817272727274,341.12352727272724,22.75023681818182,110.79428545454545,73.56440454545454,1400980.9090909092,0.0,434.6274363636363,860.9287363636363,5052.7025454545455,76.68610636363637,6516.535,3151.905,10542.10681818182,286.6728090909091,7466.417090909091,415.02655454545453,537.501490909091,30.90457609090909,158.3734,43.156249090909085,2901.621727272727,1597.3195454545455,7032.485454545455,17891.18090909091,394.47043636363634,599.8391181818182,308.4622545454545,482.8097181818182,3638.472545454546,804.3172272727272,176.73942727272726,137.7831109090909,436.8026545454546,663.2422545454546,1484.5723545454546,185.4167272727273,132.30582545454547,51.64545636363636,333.7782909090909,27.72025909090909,15.389182545454547,53557.26,925.8155636363637,230.51005454545455,126.09067272727272,6.751276727272727,487.84263636363636,1455.755090909091,61759.7909090909,199.0331,186.72357272727274,13526.05799090909,1213.2268445454547,1679.1364963636363,437.6736099090909,169.41641072727273,178.42470754545454,12398.784333636366,1100.4957718181818,4009.7402027272724,736.0340672727273,459.86048981818186,26.558085545454546,11.957585363636362,19.035464545454545,18.55401772727273,12.497699454545455,113.66506363636364,2.793563909090909
28,5314.0,44841.791318181815,5323.644,5315.0,106.11914727272728,52.45252181818182,1221.9551818181817,2583.236545454545,83.38698727272727,43349.25,344.84548181818184,457.5632172727273,633.8445727272727,9562.979363636363,34150.04181818182,236667.15454545457,10352.835818181818,53411.60818181818,391.1286545454546,24375855.454545453,99.84863999999999,61.11046999999999,129.13365454545453,29.500953636363636,41.179961818181816,43.815962727272726,18043.84181818182,32.153445454545455,14893.57181818182,27.13581181818182,25.602117454545454,114029.0090909091,15045.534545454546,25.771085454545457,360.74695454545457,26.716005818181817,105.88072545454544,68.39082454545455,1404260.0,0.0,428.5184,947.3081545454545,5030.233363636364,95.17075454545453,6279.817454545454,2400.9923636363637,3302.3018181818184,152.9155090909091,6134.081363636364,335.1606363636364,607.0863818181818,25.775377545454546,183.23287272727273,31.739227272727273,2762.1441818181816,1208.831818181818,5974.730181818182,1723.5543636363639,322.0850454545455,417.6323545454545,364.26344545454543,514.9653090909092,546.0947363636363,840.9148636363636,181.1262818181818,129.4744509090909,287.4482545454546,496.0727090909091,306.2876181818182,187.52192727272725,91.74568818181818,52.840612727272735,178.31542727272728,19.97587409090909,18.434478181818182,53602.306363636366,935.3477909090908,224.10564545454545,127.20122727272728,6.356118727272727,532.2625454545455,1628.4925454545455,61774.15363636363,207.31352727272727,181.79007272727273,18729.241772727273,1634.5458736363637,2319.3039281818183,608.6351490909091,222.1660766363636,256.08711572727276,17253.087636363638,1481.8239145454545,5566.653508181818,1020.0217236363637,646.0411709090909,98.99293818181819,29.788139,76.49022000000001,57.63818436363636,40.63030309090909,113.43913636363636,2.791795181818182
29,5481.0,44841.793245454544,5490.6442,5482.0,102.54099727272728,133.04611545454546,1211.6959636363636,2558.3755454545458,99.2737590909091,45616.90090909091,241.04088818181816,487.9307363636364,672.4871090909091,12277.555272727273,36123.40545454545,224077.76363636364,10753.890818181819,51035.380909090905,321.52565454545453,24065662.727272727,129.47008272727274,62.29393090909091,159.53910909090908,70.96020090909091,48.7293790909091,52.45023090909091,17464.494545454545,38.853162727272725,15063.40090909091,42.10992009090909,36.70882818181818,132604.56363636363,9609.818727272726,35.44520181818182,405.5487363636364,25.89827172727273,125.2496790909091,78.95917818181819,1395511.4545454546,0.0,416.1806818181818,901.385809090909,4933.729181818182,78.18008545454546,6113.304090909091,1996.3372727272726,2645.010818181818,120.55281090909092,4754.015090909091,279.44739999999996,460.48804545454544,39.31224,122.1060690909091,46.315144363636364,2685.1882727272728,889.453,3812.354909090909,1384.2581818181818,304.7634181818182,544.415909090909,529.5292000000001,562.2092454545455,485.8175363636364,803.8755,184.93453636363637,156.77916363636362,404.9320909090909,366.8134545454546,271.0914181818182,213.02583636363636,96.39350909090909,52.24580636363637,219.96565454545456,27.746106363636365,18.627085454545455,53865.45818181818,954.1621272727273,237.9591090909091,127.81058181818183,7.721476363636364,600.1339727272727,1805.215,60446.69181818182,201.07015454545456,191.66223636363637,37805.05272727273,2686.752363636364,4804.605818181818,1350.9401818181818,544.6212,591.846190909091,37198.391818181815,2461.9517272727276,11930.062727272727,2034.4818181818182,1490.686,32.56403663636364,13.651929090909091,25.137506818181816,24.302661818181818,17.853015,113.821,2.7912750909090907
3,671.0,44841.737490909094,673.7615,672.0,98.54357272727272,63.89751363636364,1158.0073545454545,2567.3763636363637,67.32818636363636,46394.77909090909,317.8092454545454,438.04890909090904,678.7207,16589.470454545455,36963.00727272727,218931.15454545457,10041.999545454544,50405.12181818182,430.03895454545454,24091515.454545453,120.65620181818181,45.61818636363636,134.96364818181817,32.61631090909091,36.76941909090909,34.27915,18416.898181818182,34.83385454545454,14537.687272727273,37.77911090909091,29.467829999999996,137390.86363636365,10798.111818181818,27.358918181818183,408.97213636363637,19.120047181818183,94.86898181818182,53.470699090909086,1380004.0,0.0,429.80824545454544,862.7529545454546,4716.175,72.52371545454547,6304.942818181818,2656.9661818181817,5675.93,190.27141090909092,6142.609909090909,330.6685909090909,625.9117272727273,24.124465454545454,149.86285454545452,29.320027454545457,2647.955181818182,1159.615,7368.3279999999995,7180.593181818182,482.1480909090909,476.23151818181816,273.70816818181817,411.9640909090909,1353.2029454545454,816.5756454545455,179.41344545454547,133.98448,351.2564272727273,374.63332727272723,511.1033454545455,180.6431,175.20164545454546,56.649632727272724,218.6737,22.81242236363636,16.77006018181818,53478.35090909091,883.5734636363636,209.27396363636365,128.23833636363636,5.366975272727273,565.9902727272728,1669.7502727272729,60370.90363636363,208.9015090909091,192.22075454545455,15715.439381818182,1458.756069090909,1939.0596518181817,495.35087090909093,181.5105670909091,192.20150536363636,13606.804357272726,1255.2027445454546,4402.204317272727,811.0349627272727,491.7674419090909,66.64876454545454,26.63936181818182,55.734308181818186,46.534347272727274,32.11595,112.9567,2.8066726363636363
30,5544.0,44841.79396363636,5553.6442,5545.0,75.80635181818182,101.93506272727272,1174.1053636363636,2443.1228181818183,151.61283545454546,39380.37181818182,290.6258081818182,414.1669718181818,756.333190909091,9655.506363636365,34611.01363636364,237199.4,10880.468727272728,51834.00909090909,368.07614454545455,24563464.545454547,106.26565000000001,48.47905545454545,115.57943818181819,28.02678636363636,37.25007818181818,38.65428836363636,17281.87181818182,31.977327727272726,14466.733636363637,35.072801818181816,34.31042090909091,95344.16727272728,11890.619999999999,22.327403636363638,354.93019090909087,24.40171527272727,93.76394454545454,66.02050454545454,1411557.2727272727,0.0,439.4215,937.4298090909091,5348.740545454545,91.28565454545455,6468.230272727273,2518.778545454545,3328.412636363636,135.33991727272726,6410.8542727272725,296.9859181818182,503.08699999999993,23.354167272727274,135.93513636363636,38.199124545454545,3105.8101818181817,1100.0256363636363,5363.329818181818,1392.9830909090908,361.6058636363636,468.2752545454545,353.4894727272727,471.32074545454543,489.09353636363636,796.6016818181819,175.10611818181818,140.94475545454546,413.6814272727273,344.43024545454546,268.60796363636365,183.06065454545453,74.00811727272728,51.774066363636365,441.61459999999994,45.232124545454546,16.39838,53555.50090909091,928.1155636363636,223.8385909090909,125.52318181818183,6.617071272727273,453.30222727272724,1361.4840000000002,61896.34090909091,204.24402727272727,189.23919090909092,16547.286090909092,1693.7344545454546,2095.5288818181816,532.945409090909,191.20067454545452,221.35589363636365,14688.643454545456,1504.4469272727272,4885.271990909091,928.3292,518.2327863636364,1791.9016636363638,335.0552818181818,1402.9785545454545,726.8795636363637,558.8230636363637,113.55511818181817,2.7962688181818183
31,5684.0,44841.79559090909,5693.6443,5685.0,88.75685527272726,37.898298181818184,1066.8211727272728,2616.5824545454543,128.39713818181818,45022.83545454546,282.73413636363637,421.6888818181818,760.0196636363636,8035.263727272727,32713.365454545456,234879.8909090909,10256.921727272727,51048.92363636364,369.2459727272727,24005417.272727273,81.66560545454546,47.72117545454545,131.81369545454547,40.829238181818184,37.712599090909094,40.72770545454546,17914.505454545455,30.052239090909094,14705.045454545454,22.302045454545457,27.036741818181817,114881.19090909092,9688.852545454545,10.574641727272727,367.25168181818185,18.051241545454545,101.34446545454544,57.266222727272726,1401290.8181818181,0.7868659090909091,411.4658727272727,874.4298,4753.510818181818,75.04052272727273,6124.813999999999,2244.1816363636362,3053.6910909090907,123.94531727272728,6005.966727272727,299.6700272727273,425.8947090909091,21.79447818181818,126.90454545454546,24.648222363636364,2593.9054545454546,894.6025454545455,4926.789090909091,1441.7178181818183,325.7915636363636,421.03141818181814,239.44776000000002,331.6475090909091,564.3378909090909,846.8118636363637,173.68684545454545,99.19355999999999,302.7971636363636,287.81281818181816,336.6531636363636,166.2990818181818,76.71782181818182,47.15992000000001,180.19400909090908,17.381532727272727,17.819735454545455,53559.68,935.8893454545454,230.87061818181817,132.93734545454546,7.758429818181818,549.3165545454546,1664.94,61611.306363636366,208.68802727272725,196.74215454545455,10428.563372727273,1285.859918181818,1331.609870909091,323.91712727272727,122.15450727272727,131.63216818181817,8625.450872727273,1061.9892790909091,2965.6307181818183,593.2135345454545,319.1942118181818,167.125701,44.934824363636366,119.9526631818182,92.8238519090909,59.378930636363634,113.3983090909091,2.7916219090909093
32,5914.0,44841.79825454546,5923.6445,5915.0,125.58389454545454,185.69595999999999,1247.0857545454544,2407.768909090909,136.4418190909091,47881.16090909091,305.12105454545457,391.42518,701.2105636363636,9151.506727272726,32421.563636363637,212658.65454545457,10716.743636363635,50586.99,322.31074545454544,23808706.363636363,73.28225727272728,56.01170545454545,137.97051272727273,54.21837181818182,50.13979909090909,51.708405454545456,17847.511818181818,31.49750909090909,14970.210909090909,42.981815454545455,34.78792090909091,122734.4181818182,9167.775636363636,33.87749909090909,392.21917272727273,29.72229081818182,118.42720181818181,77.51801909090909,1389397.7272727273,0.0,433.32194545454547,899.1019272727273,4614.838818181818,85.50363,6254.3910000000005,2980.4403636363636,3431.086727272727,160.31467272727275,5244.458090909091,287.5883272727273,474.7267272727273,34.447886363636364,114.16373090909092,57.014404545454546,3015.5421818181817,1359.2365454545454,4647.513,2419.5204545454544,331.8228909090909,1161.8094545454546,563.6944545454545,590.7563272727273,760.007609090909,829.1010000000001,185.39216363636362,192.90769090909092,760.0413818181819,423.4878909090909,330.3415545454545,216.44143636363634,229.4875,65.5137790909091,557.0246363636363,41.82974636363636,21.516415454545456,53690.562727272736,948.9675181818183,240.44371818181818,129.12851818181818,7.068416818181817,563.1360636363636,1680.2944545454548,61300.38545454545,201.4205,191.42623636363635,39101.06909090909,2735.461181818182,5234.301181818181,1494.5879,600.0303181818182,680.3015636363635,39957.37545454546,2518.985909090909,12997.856454545456,2114.8474181818183,1648.4026,6.185454272727273,6.711413545454545,5.726462363636363,8.978562727272728,5.272301454545455,113.7964090909091,2.790338727272727
33,6022.0,44841.79950909091,6031.644563636364,6023.0,121.28041909090908,116.32543,1197.3206818181818,2573.3039999999996,155.88231909090908,46857.34090909091,263.91591999999997,382.33380909090914,598.3529818181818,9790.273181818182,33687.16454545454,217032.14545454548,9969.526545454546,52434.26181818182,407.3119563636364,24054410.0,119.42814636363636,75.82428363636363,141.73159727272727,34.72523454545455,42.38648272727273,45.367245454545454,17779.796363636364,44.09965,14900.374545454544,18.04711181818182,31.043624545454545,105330.4,11632.112727272728,28.20031,401.53,25.86110172727273,122.60500363636365,89.35536818181818,1405072.4545454546,0.7868659090909091,445.36934545454545,865.0195181818182,4962.8561818181815,90.47386818181818,6278.7958181818185,2420.6800909090907,3387.6309090909094,142.2014209090909,5724.307454545455,314.62974545454546,506.9598909090909,21.782332090909094,144.74301818181817,29.133004363636363,2663.3702727272725,975.0574363636363,6493.818818181818,1505.255090909091,329.48129090909094,361.49727272727273,377.2517454545454,443.7561727272727,480.50307272727275,830.5978636363635,168.67837272727272,136.00615818181817,275.3423818181818,366.2763545454546,256.26139090909095,181.0072090909091,113.19049181818181,56.21692181818182,593.1583454545454,47.88010454545454,21.484748181818183,53690.179090909085,951.6427181818182,235.51237272727275,126.41781818181818,7.487429,495.0797909090909,1491.1847272727273,61745.115454545456,199.18673636363636,187.19794545454545,23967.43137272727,1909.2586672727273,2995.626820909091,811.3359363636363,314.7737072727273,350.4525427272727,22985.748399999997,1742.0889545454547,7405.729276363636,1274.51844,873.8215845454546,193.705995,43.850182181818184,142.89446572727272,95.96378,64.72076327272727,113.97360909090908,2.7914484545454545
34,6125.0,44841.8007,6134.6446,6126.0,89.02763909090909,107.1060890909091,1090.3304090909091,2770.6293636363635,72.3616390909091,43795.19818181818,254.20321545454547,506.80774545454545,569.5858181818181,8701.173181818182,33808.818181818184,227797.1090909091,10349.926818181819,50370.865454545456,461.5315,24344529.09090909,126.21551363636364,52.39439363636364,149.8640609090909,37.77052363636364,35.14056,44.933533272727274,17919.37818181818,33.40164545454545,15065.388181818182,25.143810909090913,33.79700909090909,106203.0,11925.873636363638,32.12025836363636,351.20555454545456,24.532097,106.47372727272727,73.32263454545455,1403894.4545454546,0.0,424.16540000000003,905.3822818181817,4999.771727272728,95.50597545454546,6208.340818181818,2358.8681818181817,8240.582454545454,249.3515181818182,5906.993545454546,349.7774818181818,485.12309090909093,21.922816636363635,164.2329727272727,31.947355454545455,2602.1055454545453,1263.8152727272727,6317.706272727272,14932.006272727273,382.6142909090909,305.50703636363636,372.3628545454545,488.25777272727277,3226.0789090909093,859.1815909090909,189.57824545454548,138.9648581818182,226.15314545454547,716.1918999999999,1034.660809090909,193.92820909090912,353.2154090909091,79.59163090909091,776.6970181818182,58.869448181818186,18.963959090909093,53593.36181818182,933.9247363636364,238.18126363636364,129.58632727272726,7.431457818181818,500.2461272727273,1534.6127272727274,62251.58,198.3661636363636,189.7673090909091,23244.94154181818,1809.9040927272727,3007.179541818182,837.6045979090909,331.2770659090909,363.4846670909091,23330.246964545455,1650.844691818182,7587.751242727273,1296.3111465454547,959.2623972727273,87.32448654545455,30.47709,70.7891009090909,61.81522645454545,41.655191181818175,112.7539090909091,2.7926623636363637
35,6369.0,44841.80352727273,6378.6448,6370.0,41.175287272727275,53.06445181818182,1272.3134818181818,2463.2603636363638,114.63754727272726,49248.56272727272,324.75322727272726,472.93269999999995,712.4935454545455,12740.85690909091,34621.299090909095,194041.75454545452,9916.934454545453,49555.78363636364,274.8132,23872052.727272727,70.29321454545455,43.942601818181814,127.88115818181818,37.28838909090909,19.112926363636365,33.753195454545455,18217.80909090909,33.284774545454546,16190.824545454547,28.01585090909091,37.02788090909091,184754.17272727273,13472.675454545453,24.18770363636364,530.0436000000001,24.852925272727273,88.39682909090908,63.76257454545455,1371196.0909090908,0.0,352.26689090909093,722.6013909090909,4140.674181818182,62.4434409090909,5339.966818181819,1253.3917272727272,3433.7555454545454,143.50331363636363,3075.403090909091,277.2081181818182,552.3072636363636,23.623921818181817,147.94231818181817,20.885813272727273,1968.1013636363634,750.5115000000001,5013.610090909091,4518.419909090909,194.94293636363636,194.4732909090909,274.50985,418.3443727272727,1059.6475636363637,816.6680727272727,162.6116181818182,97.85814272727272,172.37202727272728,418.1223,407.0114,163.1680090909091,190.93502727272727,68.49945454545455,198.4396090909091,21.93919909090909,18.76212090909091,54033.33090909091,920.5034454545454,216.6675181818182,120.2487909090909,5.836565636363637,822.4886272727273,2374.0460000000003,59080.06272727272,202.7767909090909,192.52326363636365,13199.268058181817,1181.8520027272727,1601.5195691818183,422.6340790909091,159.10859745454545,176.11087681818182,11061.05719,998.6748845454546,3716.1358966363637,672.4214672727273,411.8188467272728,4.920429636363637,4.547854545454545,4.27495290909091,5.865117363636363,4.420108,114.01747272727272,2.7896797272727274
36,6474.0,44841.804736363636,6483.6449,6475.0,83.37736181818183,147.2699481818182,1144.9035181818183,2288.787,113.88732318181819,43987.08363636363,172.8742609090909,352.8553727272727,658.465809090909,10460.876272727271,35844.126363636366,222009.84545454543,10301.75390909091,52317.035454545454,286.43574454545455,24719780.0,85.42656818181818,67.95349272727273,135.53697181818183,25.341506363636366,26.472735454545454,38.14257636363636,17714.132727272725,28.014650909090907,15292.735454545455,26.015011818181815,18.095136454545454,126889.84545454546,9299.60590909091,26.21287636363636,398.65481818181814,24.213002181818183,88.08611545454545,65.63970454545455,1408246.0,0.0,449.03659090909093,840.9897181818181,4882.634909090909,72.08877454545454,6036.319636363637,1930.3103636363637,2938.3161818181816,131.5293,4276.8322727272725,242.15105454545454,454.9770545454545,20.815622363636365,104.46744363636363,24.857183454545453,2466.8140000000003,744.1224818181819,4220.110727272728,1501.8855454545455,291.3305545454545,272.7701727272727,244.52819,317.1452,446.20657272727277,825.9304454545454,169.15294545454546,95.20310545454545,206.67357272727276,323.4130909090909,230.82795454545456,165.82471818181818,94.93467,52.522656363636365,286.18137272727273,23.242548,15.409800181818182,53831.10818181818,937.4436181818182,230.21777272727275,122.2124090909091,5.366798636363637,589.0123181818182,1732.29,61119.18454545455,209.54722727272727,185.15095454545454,11812.5555,1191.0598163636364,1442.094241818182,370.1320009090909,139.66372454545456,152.68737036363635,10208.604518181819,1020.1388136363636,3363.288207272727,645.9993472727273,371.99779545454544,13.83241318181818,7.549794363636365,8.375854545454546,9.416535818181819,7.375682636363636,114.02925454545453,2.7915526363636363
37,6596.0,44841.806145454546,6605.644972727273,6597.0,30.32254181818182,121.22119363636365,1058.9282818181819,2330.302,79.64892181818182,47090.60272727273,291.38078,351.61155,731.3564718181818,12842.786272727273,36018.88272727273,212654.47272727275,10079.284727272727,50855.277272727275,308.5856445454546,24149325.454545453,119.00676909090909,43.59235,133.30937181818183,26.544031818181818,30.43321636363636,42.36554909090909,17974.32181818182,33.7401609090909,15074.27090909091,21.759332727272728,18.321775636363636,110143.60909090909,8704.191454545455,18.271374545454545,332.7364090909091,18.11813436363636,104.61090090909092,54.870616363636366,1398255.7272727273,0.0,427.01613636363635,895.9839,4945.944818181818,73.12763,6389.86109090909,2679.5717272727275,4637.852545454545,179.14465454545456,6379.347818181818,297.3910363636364,428.75973636363636,19.326760636363638,117.1872581818182,25.57655072727273,2645.504636363636,858.0943,5525.413363636363,2877.701181818182,323.68276363636363,334.1579545454546,201.87338636363637,296.6301090909091,703.7458727272727,772.9362181818182,163.70162727272728,83.79420545454546,248.78308181818184,293.81105454545457,330.0875363636364,146.15426363636362,87.70995090909092,37.8764890909091,177.64906363636362,18.58372681818182,16.794216363636362,53795.18,930.6924727272727,221.2821090909091,124.53104545454545,6.284440454545455,494.9367363636364,1503.3073636363638,61134.03,208.45423636363637,183.30933636363636,6913.070927272728,887.7438818181818,915.6183709090909,220.9811390909091,85.15950272727272,84.33614081818182,5791.560618181818,724.4590481818182,2028.4204363636366,410.8654563636364,215.63217363636366,11.825406909090908,7.300285727272728,10.237746363636363,8.840434363636364,8.074228727272727,113.59880909090909,2.795193818181818
38,6717.0,44841.80754545455,6726.645,6718.0,82.90845272727273,60.61546727272727,922.2205090909091,2464.9481818181816,124.13643727272728,44979.307272727274,166.86282454545454,575.8482636363636,711.1338636363636,9079.316909090909,33052.58363636364,217765.57272727272,10142.911454545454,52090.22727272727,265.8111190909091,23732950.90909091,102.58937636363636,44.93594909090909,125.17019727272728,30.977021818181814,42.80592636363636,36.684518181818184,17685.12,43.40711363636364,14888.99272727273,35.25689272727273,28.24547090909091,105416.26363636363,10310.050363636365,29.82398363636364,345.07945454545455,28.872489909090906,114.40297727272727,71.11191727272727,1406534.4545454546,0.0,437.6731181818182,913.6594272727272,4878.304,82.25292727272728,6393.237727272726,2538.3603636363637,3906.9433636363638,153.85085454545455,5286.200818181818,246.84156363636365,520.7648363636364,20.05292,139.40277272727272,24.077914,2572.1206363636365,941.4313181818183,5120.650545454546,1995.9632727272729,315.1697545454545,212.23316363636366,286.86324272727273,349.6503,449.00584545454547,848.1584181818181,169.38917272727272,103.67341545454546,177.98174545454546,295.1856272727273,231.02866363636366,162.4920818181818,75.32427454545454,63.88107545454545,1183.1318181818183,83.26355818181818,17.312303636363637,53697.97363636363,919.1899818181818,234.79185454545453,124.89484545454546,5.514084818181818,509.0550636363636,1524.7413636363635,61871.39272727272,204.56987272727272,182.4273272727273,16626.72048181818,1484.2901654545456,2059.8239618181815,532.6343763636364,198.72467090909092,216.7370881818182,15249.168781818182,1305.4066836363636,4978.021062727273,892.7960881818182,565.2917963636363,46.726243181818184,16.672500636363637,34.764531090909095,28.272972272727273,17.418439636363637,113.89108181818182,2.791934090909091
39,6799.0,44841.8085,6808.6451,6800.0,60.640215454545455,90.96763272727273,1103.9213181818182,2441.096181818182,75.93961427272728,42031.274545454544,268.6242090909091,431.63795090909093,604.2463,10542.725363636364,34490.58909090909,214816.69090909092,10048.012909090909,50754.44727272727,320.9048,24319345.454545453,90.2818790909091,47.83689727272727,102.98167818181818,61.33739709090909,40.22042771818182,37.98091090909091,17663.247272727273,28.21092727272727,15184.808181818184,38.49787636363636,16.29375590909091,105914.14545454546,10381.570363636363,20.297231818181817,379.7331545454545,23.317475636363636,87.81181727272727,70.07219727272728,1416968.9090909092,0.7868659090909091,435.10497272727275,862.4876272727273,5028.490636363636,73.66940000000001,6269.778181818182,2130.7844545454545,3115.278090909091,129.31349272727272,6516.591727272727,303.48333636363634,516.8387636363636,20.216848000000002,130.90160636363638,27.67791909090909,2707.001909090909,969.9214,6157.369818181818,1658.5798181818182,361.92781818181817,335.18518181818183,291.8071636363636,408.46673636363636,477.45294545454544,820.582690909091,169.71254545454545,101.04293090909091,226.5729818181818,265.1748636363636,251.4541181818182,165.20313636363636,77.11394272727273,63.175202727272726,910.1478181818183,64.27936181818183,17.089866363636364,53651.524545454544,952.9266636363635,229.95943636363637,127.2482909090909,5.700820181818181,505.9543727272727,1516.8317272727274,61814.876363636366,199.62484545454546,184.1023909090909,14739.544545454544,1369.8129572727273,1810.5077736363637,465.87784636363637,174.55404218181818,197.18976636363638,13228.09510909091,1207.6181081818181,4341.0000745454545,793.2588018181818,484.4062690909091,63.06554990909091,24.760278272727273,53.030294090909095,40.12143954545454,27.837615181818183,113.91202727272729,2.795193727272727
4,911.0,44841.74026363636,913.7615999999999,912.0,50.94873181818182,83.37724818181817,1403.3608727272729,2962.7553636363637,118.39325727272727,48483.00909090909,248.50295363636363,493.7936272727273,575.034,17349.513636363637,38209.98272727273,224897.41818181818,10187.124818181817,50038.58,274.79839,24841829.09090909,79.04134454545455,42.23683545454546,129.38925818181818,38.35151818181818,25.999713636363637,35.831345454545456,18408.45272727273,37.08599181818182,14584.196363636363,24.77122272727273,23.657732727272727,144738.65454545454,10797.825727272728,16.097662727272727,411.53564545454543,14.931190727272728,87.37895909090909,68.17273545454545,1377609.8181818181,0.0,408.03292727272725,829.6059636363636,4734.616545454545,69.24687454545455,6454.513727272727,2948.900181818182,5614.957909090909,208.81520909090912,5740.1916363636365,348.18976363636364,510.07159090909096,18.671433727272728,132.34329454545454,30.826713636363635,2613.6145454545454,1092.8108545454545,7997.940545454546,5370.616818181818,435.3628090909091,433.9628909090909,191.38829090909093,332.8447636363636,1122.5460636363637,811.777,166.0935090909091,108.53841636363636,364.2486181818182,334.08773636363634,475.6689727272727,163.9169,174.51085454545455,57.41132818181818,451.6483090909091,37.05218,17.312305454545456,53771.056363636366,890.5490818181818,204.34737272727273,123.01002727272727,4.897036363636364,576.7889818181818,1721.1222727272727,59158.07181818182,202.69826363636363,190.52666363636362,4884.592683636364,750.4915863636362,684.8254318181818,165.00619963636362,61.054162545454545,60.94944981818182,3803.593799090909,583.2937063636364,1391.9712399999999,303.72647354545455,150.3339021818182,6.536419727272729,4.143695363636364,5.457476272727273,5.184572363636364,4.0021700000000004,113.24159090909092,2.8059794545454544
40,6891.0,44841.809563636365,6900.645172727273,6892.0,56.98802090909091,75.78686181818182,1284.4069363636363,2212.593181818182,128.84138727272727,45252.645454545454,235.78470727272727,344.47546363636366,587.6335545454546,10552.96590909091,36909.59090909091,228366.06363636366,10003.616909090908,51429.28090909091,323.16949,24310045.454545453,98.12401454545456,53.13150454545455,109.3044609090909,45.72798454545455,31.990198181818183,24.64911636363636,18078.716363636366,29.74956818181818,15191.164545454545,21.592886818181817,26.32672909090909,112976.4909090909,11961.280909090909,30.54082,331.9829363636364,23.28031727272727,99.41805363636364,56.62942454545455,1431565.4545454546,0.0,433.3659727272727,880.4528181818182,5096.100090909091,78.47180818181818,6190.982090909091,1823.7824545454546,3256.581909090909,129.2649090909091,5505.914272727273,271.71944545454545,462.87995454545455,24.34566981818182,156.9732590909091,26.381622727272728,2617.5762727272727,842.613109090909,4697.003636363636,2645.2463636363636,311.31515454545456,288.6569,297.3285590909091,375.65772727272724,736.6651909090909,813.8555,179.34533636363636,105.17339000000001,205.83177272727272,257.4266090909091,315.9961909090909,177.50686363636362,70.44015090909092,45.27431090909091,272.2031272727273,25.075026363636365,17.074223454545457,53906.58363636364,941.1801363636364,230.59404545454544,124.0647,5.730786,525.2015909090909,1545.7744545454545,62555.80090909091,202.90293636363637,183.25951818181818,15533.445581818181,1372.2594881818181,1905.4488736363637,500.44519999999994,182.91972527272728,200.4394668181818,14048.291236363637,1249.355769090909,4585.77109,834.7743481818183,503.61556,37.21260636363636,11.607881545454546,27.397395909090907,23.952009363636364,17.209799636363638,113.89668181818182,2.791587272727273
41,6980.0,44841.81059090909,6989.6452,6981.0,113.91699272727273,94.23973454545454,1256.337209090909,2349.524090909091,74.50355363636363,42662.91727272727,278.7223363636364,499.7749454545455,653.5802363636363,10071.657818181819,35357.71363636363,231664.78181818183,10113.082909090908,52451.07,300.38278145454547,24227292.727272727,105.27888090909092,60.62996636363636,129.17107454545456,45.727937272727274,45.29360454545454,37.98182545454545,18023.518181818185,28.061781818181817,15431.223636363635,40.719615454545455,28.668723636363634,111398.85454545454,12176.57181818182,29.289695454545452,316.4388727272727,28.39954336363636,96.07877727272727,76.17645818181819,1428702.3636363635,0.0,429.38368181818186,938.7447818181819,5310.047636363636,83.34223272727273,6226.1073636363635,1979.9939090909093,3503.8874545454546,153.78227272727273,5520.478727272727,269.4218,552.863,27.142295454545454,168.2659909090909,28.48886072727273,2724.3524545454547,957.6619454545454,5489.712818181818,2938.947909090909,345.11434545454546,312.7223818181818,315.2999754545454,418.7746363636363,794.1599363636363,831.5372454545454,173.04387272727274,121.89605636363636,232.71669090909091,257.73241818181816,319.55622727272726,177.34901818181817,73.99682909090909,46.04591090909091,142.20971818181818,20.806290727272724,18.93262,53927.792727272725,952.6396363636363,247.0014636363636,125.53666363636363,6.50691509090909,521.3809181818182,1555.617818181818,62042.41090909091,198.24034545454543,194.49672727272727,19798.132110000002,1595.8916199999999,2489.6579118181817,677.868546090909,268.4745573636364,300.41264045454545,19312.350356363637,1437.5409881818182,6241.00385,1077.4086444545455,759.0928681818182,52.33560927272727,18.35339490909091,41.13370218181819,31.840729909090907,22.159443545454543,113.72718181818182,2.792037909090909
42,7074.0,44841.81167272727,7083.6453,7075.0,92.16451636363637,68.22084636363637,1150.722690909091,2698.0305454545455,87.40932909090908,43317.604545454546,309.5034990909091,501.4031545454545,700.3517272727272,8129.932454545455,34601.663636363635,234913.5090909091,10687.295363636364,50200.96363636363,333.54806181818185,24282630.0,82.67367727272728,58.34007,115.47037727272728,22.365536363636362,30.903353636363637,30.46517,17790.231818181815,44.100545454545454,15217.778181818181,20.553098818181816,22.82226,99299.15545454546,11684.069181818182,20.009766363636363,306.16018181818185,25.080022909090907,111.17175818181818,68.08271,1426970.5454545454,0.0,432.5703,911.6442999999999,5103.462818181818,89.91458909090909,6139.441818181818,1960.903818181818,4051.1304545454545,157.64032727272726,5646.661272727272,262.9665,495.4606727272727,27.17851272727273,136.06785272727274,26.67498218181818,2682.740363636364,866.2608727272727,4851.646727272728,4147.935545454545,334.3244181818182,255.45598181818184,246.87502454545455,317.3317,823.1754272727273,822.0692636363636,172.7559727272727,92.64174090909091,218.5235090909091,235.09246363636365,305.5043909090909,164.47699999999998,69.49032454545454,47.62397272727273,483.62315454545455,36.658756363636364,16.95910909090909,53587.266363636365,952.1730727272727,237.7773,131.55319090909092,5.34145109090909,477.1600363636364,1427.6237272727271,63225.09909090909,195.28485454545455,186.21347272727272,12889.49558181818,1262.4007727272729,1591.396880909091,399.0977822727273,153.20512445454546,163.56540154545453,11549.702454545455,1116.2983081818181,3836.634686363637,707.1316936363636,422.28008272727277,26.640213181818183,10.934751,17.019325727272726,19.831899636363634,11.824611818181818,113.83875454545455,2.793147818181818
43,7156.0,44841.81263636364,7165.6453,7157.0,91.45634563636364,118.48222999999999,1155.5821272727271,2328.729727272727,87.48853,43498.27181818182,236.9837972727273,428.5134181818182,623.1236909090909,9485.179272727271,37019.193636363634,248881.3363636364,10945.067454545455,52403.46636363636,455.3578545454546,24594157.272727273,70.47346272727272,40.040308181818176,106.9326309090909,26.551737272727276,27.668716363636364,19.214414545454545,17740.074545454547,25.681445454545454,15201.360909090909,31.30999909090909,19.86936181818182,100218.38454545454,9006.982,18.447567272727273,309.1397,13.784039454545455,107.43773363636365,60.62881090909091,1439158.6363636365,0.0,434.12750909090914,952.1665181818182,5097.858090909091,86.24477181818182,6250.393,1923.5501818181817,3606.0194545454547,139.88422818181817,5804.319454545454,266.4631818181818,520.8988545454545,14.011485090909092,121.50692454545455,24.85218181818182,2779.903454545454,702.9774272727273,5004.436090909091,3090.521909090909,379.44273636363636,221.01753636363637,128.6219409090909,204.59537272727275,653.9581727272728,837.6764909090908,173.46745454545456,70.99038818181818,179.03447272727274,219.68987272727273,314.4170454545455,151.27741818181818,66.18005363636362,48.44314363636364,180.9012909090909,16.580982545454546,16.982933636363637,53604.40545454545,939.4861181818181,238.98184545454544,126.58838181818182,4.373975545454545,483.71642727272723,1461.965,63248.534545454546,199.03902727272725,190.18609999999998,3551.312902727273,559.1216054545455,504.3835681818182,130.28437909090908,46.04872745454546,49.986157818181816,2941.6538490909093,460.84330363636366,1103.818080909091,231.77822999999998,128.35572181818182,19.023468363636365,9.418189363636364,13.59952990909091,15.009266636363636,10.031743272727272,113.42648181818181,2.7942922727272728
44,7244.0,44841.813645454546,7253.6454,7245.0,53.05957363636364,121.44828636363636,1139.5954272727272,2331.6206363636365,86.37779727272726,38790.45636363637,370.4155090909091,422.22177272727276,787.0764090909091,11077.291272727272,40171.28818181818,246322.4,10770.012454545455,53885.66363636364,225.0800981818182,25052499.09090909,123.27240545454546,70.22697818181818,114.41401727272728,54.588150909090906,52.34890636363637,36.808128181818184,17787.28,46.24031,15013.853636363638,28.277996363636362,29.01778363636364,100775.48090909091,10807.733727272727,33.80705454545455,354.20160909090913,23.714357454545453,131.16392727272728,69.70402272727273,1449423.7272727273,0.0,486.1717909090909,960.2427545454545,5554.184818181819,84.91416272727272,6727.413181818181,2194.0429090909092,6754.238363636364,185.28050909090908,5811.375909090909,265.53612727272724,515.9669909090909,25.49289990909091,154.3075090909091,29.762682727272725,3007.8442727272723,938.1468363636363,4662.594454545454,9026.13290909091,393.85116363636365,249.77298181818185,320.32557363636363,373.3795181818181,1664.8838181818182,864.510190909091,178.3846818181818,108.66177363636365,173.87922727272726,224.3653181818182,698.7983454545455,188.9773,87.56011,62.071628181818184,856.0850363636364,64.39603272727273,16.670554454545456,53568.89909090909,941.2505272727274,236.87304545454546,126.03039090909091,6.025069272727273,488.58099999999996,1420.9258181818182,62094.02181818182,196.81874545454545,191.77533636363634,20288.38002818182,1688.2013990909093,2513.459160909091,649.6297628181818,257.8887972727273,277.2666018181818,19591.082786363637,1527.3695045454544,6371.0444636363645,1098.9530027272726,742.3301247272727,353.31323363636363,86.88782636363636,277.48186,202.05933000000002,130.90679363636363,113.22676363636364,2.7945695454545456
45,7352.0,44841.8149,7361.6455,7353.0,60.63045818181818,77.87431272727272,1092.5249363636365,2336.9513636363636,106.51135454545455,43467.479090909095,280.5134972727273,420.82959000000005,755.4447636363637,9381.651,37110.042727272725,241753.97272727275,10016.669636363637,53790.62181818182,298.1183618181818,24872193.636363637,130.84917181818182,53.76034727272727,139.2170109090909,22.125460909090908,17.361390363636364,28.173935454545457,17604.886363636364,34.833831818181814,14931.286363636364,22.621653636363636,23.841040909090907,90949.37181818181,9237.32909090909,30.756680909090907,298.3298181818182,32.56672172727273,98.99950818181819,90.20062727272726,1457526.1818181819,0.0,452.87460000000004,947.2720454545455,5529.970636363637,83.15437909090909,6670.360272727273,2427.7614545454544,5461.722818181818,164.1173727272727,6791.112454545454,322.1256090909091,490.8780545454545,19.77011909090909,139.51024727272727,25.403333454545454,3129.137636363637,1015.2174636363637,5040.396545454546,6342.255272727273,398.7698363636364,363.9750909090909,283.47213636363637,320.73048181818183,789.0851545454545,855.2757090909091,172.59076363636362,105.63306727272726,283.46874545454546,253.77079999999998,341.7241909090909,167.64542454545455,78.45635363636364,66.31248272727272,1234.9263636363637,80.70861090909091,15.858960909090909,53878.042727272725,936.1010636363636,225.23377272727274,121.54830000000001,6.6269529090909085,450.83618181818184,1330.395909090909,62841.222727272725,200.8175,179.1767,14468.948981818183,1468.7964581818183,1794.7722227272725,458.84913727272726,168.32342845454545,178.41764954545454,13308.84571818182,1302.4572363636364,4407.205663636364,822.3555072727272,478.2299872727272,155.93110672727272,38.43094809090909,117.82781181818181,78.93610154545455,60.47796236363636,113.60868181818182,2.794951272727273
46,7439.0,44841.81590909091,7448.6455,7440.0,47.95643454545454,93.32176536363636,1278.3093272727272,2231.9301818181816,125.25834818181819,41588.40363636363,214.59725272727275,422.3103445454546,705.8154727272728,11206.24790909091,45288.167272727274,267052.2636363636,10170.711636363636,52052.17363636364,440.30028999999996,25180220.0,108.11473090909091,44.67936090909091,110.25115090909092,40.438342727272726,35.67008,35.055309090909084,17837.823636363635,44.214845454545454,15142.79,32.083749090909095,32.745957272727274,96074.68454545455,18736.427272727273,28.647762727272724,383.41748181818184,27.890634454545452,118.85206909090908,74.49986363636364,1512342.4545454546,0.24896927272727273,491.09536363636363,1009.9022999999999,5738.804090909091,98.87662545454545,6991.759,2327.4545454545455,3778.547272727273,150.52035090909092,6672.889818181819,332.2384818181818,611.0394909090909,27.933567272727274,248.61514545454546,33.98050909090909,3464.694454545455,1104.9229181818182,6888.146727272728,2805.461909090909,377.2477727272728,486.53749090909093,312.8786636363636,489.4555454545454,558.5687727272726,830.7315636363637,176.1783,122.59693727272729,331.7313545454545,307.46878181818187,255.9910090909091,181.5934818181818,94.22893363636364,51.76213727272727,362.0343818181818,32.46390090909091,17.611187363636365,54016.982727272734,972.1513181818183,241.60392727272728,127.93687272727271,5.936114,475.4217545454545,1353.039909090909,64035.16727272727,198.26201818181818,181.04994545454545,14703.002672727273,1445.6950518181818,1816.909568181818,443.40716718181824,166.43920454545457,178.54369681818181,13561.473990909091,1312.3638127272727,4514.581580909091,807.2382663636364,475.49721999999997,193.04407727272726,51.17238727272727,152.03553727272728,111.47095545454545,78.40783181818182,113.36140909090909,2.7929398181818184
47,7517.0,44841.81681818182,7526.6456,7518.0,126.34905272727273,174.35473545454545,1118.3124090909091,2363.7636363636366,61.133681090909086,41101.29909090909,276.8268090909091,465.9135090909091,639.8846,10824.501727272727,39365.68727272727,253988.05454545456,10468.363818181819,52529.362727272724,314.09320545454545,25264710.90909091,95.71702272727272,47.83836272727273,109.59989999999999,35.40227909090909,37.72027272727273,45.04577818181818,17405.16181818182,24.339066363636366,15010.863636363636,34.83647090909091,23.658401818181815,94249.71181818181,12272.93890909091,24.55272490909091,343.48878181818185,30.506868545454548,100.40108000000001,79.12979,1467528.7272727273,0.0,498.8654090909091,991.1336545454545,5570.717181818182,91.52836545454545,6637.991545454546,2387.9944545454546,3579.7494545454542,142.17337272727272,7098.976272727273,310.6040090909091,485.5773454545455,18.267596636363635,158.55753,34.279408,3301.3332727272723,935.459909090909,6066.968,1886.302818181818,371.6160636363636,388.87219999999996,288.85038272727274,361.7221181818182,466.43435454545454,815.6595181818182,188.13926363636364,107.20951545454545,280.90737272727273,326.84632727272725,238.31068181818182,176.55327272727274,93.00643272727272,47.68410363636363,159.0016181818182,20.55934272727273,17.58095,53925.22454545454,954.989909090909,238.56843636363638,127.77756363636364,6.28346490909091,453.84214545454546,1366.129,63036.4709090909,204.1594,186.19673636363635,14112.159185454546,1329.73948,1779.1022281818184,447.64181,170.33693245454543,183.86170754545455,13456.149347272729,1172.3968790909091,4434.9248809090905,794.4718082727272,500.6699618181818,340.3266972727273,80.99536272727272,271.9169581818182,180.0876281818182,131.54530818181817,113.36057272727273,2.794292
48,7592.0,44841.81767272727,7601.6456,7593.0,87.99176,128.8562972727273,1150.3391545454544,2226.4938181818184,113.70465818181819,38473.887272727276,282.53716272727274,468.34196363636363,762.877790909091,13143.621818181819,46736.277272727275,255939.71818181817,10061.507363636365,51681.23909090909,344.8898,25884314.545454547,121.1311509090909,25.000329999999998,126.83112363636364,31.968052727272724,26.11172363636364,26.295472727272728,18125.17818181818,24.590905909090907,15539.990000000002,19.734935454545454,36.275380909090906,113620.2,10810.208,18.63261272727273,371.07626363636365,17.987185818181818,102.98708363636364,70.92227272727273,1501862.1818181819,0.0,486.3019,956.6136545454546,5343.466727272727,97.60516000000001,6675.485181818181,2176.264181818182,3820.735818181818,138.09115,5815.057181818182,269.07055454545457,483.93512727272724,18.986160272727275,137.75823545454546,25.911224545454548,3093.9985454545454,917.9192545454546,6142.600545454546,2448.3434545454543,343.6421090909091,288.52819090909094,231.78121454545453,325.03414545454547,731.7583636363636,845.9483363636363,172.02873636363637,95.12104272727274,222.86222727272727,308.9902090909091,320.16312727272725,177.0665090909091,93.15625909090909,48.93303636363637,134.13884545454545,15.529404272727271,17.316566363636365,54084.13363636364,957.4523363636363,225.04253636363637,126.34913636363636,5.787703909090909,502.61632727272723,1450.552090909091,63428.98454545454,191.16767272727273,180.19615454545453,8847.170376363636,989.9216545454545,1094.4543981818183,273.57699272727274,100.13247518181817,112.50559636363636,7706.595119999999,826.9601554545454,2569.5379890909094,490.9466845454545,278.14080718181816,767.987090909091,165.01747363636363,585.9495454545454,354.37107272727275,263.8314736363636,113.20400909090908,2.7955751818181818
5,1087.0,44841.74230909091,1089.7617,1088.0,116.69576,60.64021454545455,1372.4895818181817,2509.825181818182,98.40525363636362,43914.47181818182,271.37822454545454,429.3881727272728,695.4655454545455,17465.467272727274,39204.99636363637,231457.52727272725,10435.154454545454,51324.67727272727,368.4468909090909,24776392.727272727,108.02695727272727,38.16566090909091,116.17141636363637,40.87919909090909,24.751019090909093,31.980304545454544,18508.576363636363,38.85316454545455,14937.254545454545,31.50347090909091,20.910138363636364,135029.33636363636,14327.924545454543,27.643671999999995,425.58264545454546,24.116930545454547,90.89256545454545,71.74873000000001,1386283.4545454546,0.0,434.0695636363636,837.1091727272727,4667.176454545454,71.54555454545454,6527.056636363637,2610.673,4888.378545454545,181.74391818181817,6438.633818181819,350.77405454545453,602.329009090909,23.899729999999998,162.84944545454545,34.155300000000004,2649.6228181818183,1076.2007,7716.892454545454,4614.153,439.314809090909,428.48642727272727,272.31107272727274,465.8682818181818,1029.4982636363636,851.1915363636364,180.41721818181819,119.28226545454545,326.74297272727273,491.88208181818186,435.75937272727276,172.2549,209.3375,60.701753636363634,764.5043454545455,55.77100818181818,18.394693636363638,53883.49272727273,920.8893,216.6223090909091,129.2833272727273,6.369754818181818,545.3381636363637,1585.6224545454547,59380.49454545454,201.44880909090907,176.28713636363636,10000.765727272727,1265.2214999999999,1274.5091363636363,320.6516163636364,113.25506545454546,123.52087999999999,7881.654981818181,1005.0567727272727,2733.4254636363635,544.6724545454546,298.21403727272724,24.534899,11.825740000000001,17.883664727272727,18.663602454545455,13.625849727272726,113.70907272727273,2.7917953636363637
6,1352.0,44841.74537272727,1354.7619,1353.0,53.054697272727275,90.96287363636362,1111.5509272727272,2461.3794545454543,68.22084818181817,45524.61454545455,312.3166172727273,327.49273636363637,613.1444363636364,17690.44818181818,42626.61,256610.14545454548,10610.057545454545,52271.42636363636,282.6751436363636,24409975.454545453,59.386413636363635,45.55738272727273,98.53211909090909,28.025861818181816,32.35264090909091,30.321559999999998,19399.958181818183,25.246154545454544,15756.919090909092,32.95490636363637,36.84381909090909,209199.28181818183,16963.467272727274,26.451406363636362,615.7944636363637,15.234664363636364,95.7236909090909,66.61619181818182,1382774.3636363635,0.0,399.3532272727273,806.1540545454546,4576.215727272727,61.90741545454546,6109.451999999999,1833.3097272727273,4505.431636363636,207.27200909090908,6368.996727272728,381.6599727272727,753.8751090909092,25.132006363636364,186.6936181818182,39.22567545454546,2698.913090909091,865.8613818181819,29254.96181818182,6107.241181818183,361.06634545454546,517.9731545454546,296.70410909090907,827.4214727272728,1188.0331272727274,810.3567272727272,167.9302818181818,111.98170909090909,568.7673,447.5731272727273,451.94174545454547,190.4496272727273,237.8698818181818,70.12014818181818,330.8906818181818,27.410905454545453,15.380663090909092,54191.601818181814,922.7271363636363,205.25753636363635,119.1152909090909,5.368280181818182,851.9857727272727,2462.298,58093.08727272727,202.96677272727274,192.24105454545455,3547.269861818182,578.5686681818181,505.3593881818182,128.6450598181818,48.97990718181818,47.28131154545454,2536.5328545454545,440.5334854545454,1014.9619236363636,224.46805254545458,110.10112054545453,17.920233818181817,6.971410727272727,12.553230363636363,14.589136090909092,9.061539545454545,112.88587272727273,2.789610272727273
7,1584.0,44841.74814545454,1593.6414000000002,1585.0,129.54700663636365,189.53105727272725,1224.0146545454545,2693.1150909090907,151.3611318181818,55590.65727272727,279.8473509090909,511.30917272727277,586.2571772727273,10267.983454545454,26963.86909090909,159957.23636363636,9857.438454545454,47539.689090909094,368.75669,23542774.545454547,148.09212181818182,76.58045818181819,146.6762909090909,45.01919727272727,44.70086818181818,59.98883545454546,18408.593636363636,44.353519999999996,14603.681818181818,51.08783909090909,38.959844545454544,184250.36363636365,13458.625454545456,42.160208181818184,526.2867,30.224344363636362,93.20583181818182,88.50050545454545,1338343.1818181819,0.7868659090909091,423.80345454545454,869.4633454545454,4471.8322727272725,84.62677,5857.418090909091,2259.2325454545457,1779.7441818181817,141.40360818181819,20815.166363636363,622.6292090909091,957.4063818181818,38.07605363636364,167.14452727272726,118.6924509090909,5160.986454545454,855.7869181818182,9497.130909090909,1029.7228545454545,450.63293636363636,920.6102818181819,861.1040181818182,1736.444909090909,371.36746363636365,892.3554,167.0322909090909,176.2745181818182,2616.6934545454546,285.0513181818182,100.90611363636366,227.50764545454547,240.95606363636364,69.48554818181819,257.9500090909091,27.566931818181818,21.455621818181818,53441.63363636364,983.8934545454545,253.67652727272727,126.00097272727272,7.9509110909090905,897.4876545454546,2672.680727272727,57035.72181818181,226.04669090909093,215.34803636363634,35675.38298181818,2597.5571545454545,5442.55840909091,1615.760809090909,699.0379154545454,815.1689709090908,37526.558099999995,2360.2605636363637,13634.858590909093,2141.738428181818,1849.2695400000002,20.183283000000003,9.230317181818181,14.378424545454545,17.848459363636366,12.453880090909092,113.17217272727272,2.7910324545454546
8,1754.0,44841.750109090906,1763.6416,1755.0,98.5482690909091,149.85112999999998,1149.2121909090909,2636.896,144.2791480909091,49407.59636363637,314.1969727272727,585.8134545454545,545.9107454545455,12920.61490909091,31053.507272727275,177091.75454545455,10325.455363636363,48059.80090909091,302.402,23615696.363636363,167.7300390909091,83.21430454545454,122.16331000000001,54.42294636363636,46.204246363636365,57.258061818181815,17427.811818181817,55.73101454545454,14128.092727272726,42.45899545454545,49.73723090909091,122762.63636363637,12854.108181818183,34.64275727272727,436.3115,32.017464454545454,132.64641545454546,92.62956181818181,1350730.4545454546,0.0,439.62345454545454,887.5257545454544,4751.133000000001,98.19315999999999,6003.971181818182,2153.4049999999997,2614.8572727272726,143.54512727272729,5088.619363636364,307.36107272727276,523.1876363636364,38.68002454545455,183.78554545454546,38.02528818181818,2897.277181818182,733.5504636363636,4817.104181818182,830.7981454545454,401.4419,337.11902727272724,697.0493,617.2179454545454,349.8643,831.0370454545454,180.46301818181817,172.1301409090909,245.04025454545453,203.77572727272727,92.37711818181818,241.65213636363634,210.5039090909091,63.53091545454545,179.0834090909091,27.962445454545456,21.26869909090909,53372.45272727273,944.5875818181819,238.9560909090909,125.53226363636364,8.189876090909092,543.0818272727273,1647.5075454545454,58690.16909090909,218.71847272727274,194.2111,37271.73327272727,3019.1161181818184,7029.79099090909,2219.8316,1039.4669572727273,1243.435870909091,46322.01363636364,2786.3191454545454,18333.26909090909,2724.3288363636366,2843.3228545454544,34.36104309090909,17.612092545454548,27.318779545454547,30.270206909090906,18.829890636363636,112.81034545454546,2.7925930909090906
9,1883.0,44841.7516,1892.6416,1884.0,50.35496818181818,117.10027999999998,1086.761381818182,2954.6671818181817,85.04526181818181,47942.98909090909,340.49256,383.77347272727275,753.4608545454546,10585.580363636363,30326.952727272725,199880.32727272727,10680.183272727272,49746.99909090909,255.5359309090909,24523868.181818184,68.11515727272727,43.82669818181818,117.24343636363636,25.58942272727273,17.64975272727273,33.59721090909091,17883.996363636365,30.82501090909091,14627.21181818182,38.48015818181818,22.53183,125916.28181818183,13943.768181818183,20.296555454545455,411.8151,11.418283,107.26327,72.27175454545454,1354026.5454545454,0.0,406.8965090909091,857.9827545454544,4630.115,67.71408454545454,6198.196090909091,2453.5793636363637,4133.498636363636,152.0567090909091,6815.378090909091,359.03425454545453,568.0916272727272,30.2322,167.00114545454545,39.08331090909091,2797.709363636364,1147.4652272727274,7073.383363636364,3791.902090909091,429.589,474.0454363636363,365.2839909090909,623.5422272727272,873.3035636363637,844.4255636363636,182.26231818181816,125.25477727272727,334.8365727272727,206.2465909090909,305.1304090909091,172.13922727272728,196.31006363636362,54.94351454545454,268.90471818181817,22.418932545454545,19.56805,53212.020909090905,955.3659454545455,236.83378181818182,125.27591818181818,6.8251834545454555,530.0174818181817,1610.9133636363636,59501.00818181818,219.68687272727274,188.55396363636365,17792.556987272725,1565.4199536363637,2239.8634963636364,590.2808448181818,221.5282274545455,244.9003200909091,15751.121457272728,1386.4791221818182,5174.7003463636365,943.5807820000001,602.2721175454545,104.77011818181818,34.62677654545455,73.95167181818182,62.04339636363636,43.42332454545454,113.74151818181818,2.792176727272727
